Country.of.Origin,Number.of.Bags,Variety,Processing.Method,Aroma,Flavor,Acidity,Balance,Sweetness,Moisture,altitude_mean_meters
Ethiopia,300,Other,Washed / Wet,8.75,8.67,8.58,8.42,10,0.12,2075
Ethiopia,300,Other,Washed / Wet,8.25,8.5,8.5,8.33,10,0.12,2075
Ethiopia,50,Other,Natural / Dry,8.08,8.58,8.5,8.42,10,0.1,1822.5
United States,10,Other,Washed / Wet,8.25,8.42,8.33,8.17,10,0,1872
United States,10,Other,Washed / Wet,8.08,8.67,8.42,8.08,10,0,1943
United States,10,Other,Washed / Wet,8,8.5,8.17,8,10,0,2080
China,3,Catimor,Washed / Wet,8.42,8.25,8.17,8,10,0.1,1450
Ethiopia,250,Ethiopian Yirgacheffe,Natural / Dry,8.17,8.17,8.17,8.33,10,0,1850
United States,10,Other,Washed / Wet,8,8.25,8.5,8,10,0,2019
Costa Rica,250,Caturra,Washed / Wet,8.08,8.25,8.17,8.33,10,0.11,1300
Mexico,14,Other,Washed / Wet,8.17,8.25,8,8.17,10,0.13,1320
United States,10,Other,Washed / Wet,8.25,8.33,8.17,8.17,10,0,2112
Brazil,3,Bourbon,Natural / Dry,8.5,8.5,8,8,10,0.12,1250
Uganda,100,SL14,Washed / Wet,8.42,8.17,8.17,7.92,10,0.12,1950
Taiwan,20,Sumatra,Pulped natural / honey,8,8,8.25,8.17,10,0,1200
Brazil,29,Bourbon,Natural / Dry,8.5,8.17,7.75,8,10,0.12,1300
Costa Rica,250,Caturra,Washed / Wet,8.17,7.83,8.08,8,10,0,1300
Kenya,320,SL34,Washed / Wet,8.08,8,8.25,7.92,10,0.12,1800
United States,10,Other,Washed / Wet,7.67,8.17,8,8.08,10,0,1941
Thailand,53,Caturra,Washed / Wet,7.83,8.33,8.25,7.92,10,0.1,1300
Taiwan,10,Bourbon,Semi-washed / Semi-pulped,8.08,8.17,8.08,7.83,10,0.12,1000
Kenya,12,SL28,Natural / Dry,8.08,8.08,8,8.08,10,0.11,1754
Brazil,7,Bourbon,Semi-washed / Semi-pulped,8.33,8,8,8,10,0.11,1250
Colombia,1,Caturra,Washed / Wet,7.75,7.92,8.08,8.17,10,0.12,1200
Kenya,1,SL28,Washed / Wet,7.92,8.17,8.5,7.92,10,0.11,1860
Uganda,1,Other,Washed / Wet,8.25,8,8.08,7.92,10,0.1,1650
Uganda,1,SL14,Natural / Dry,8.17,8.17,8.08,7.75,10,0.12,1650
Colombia,275,Caturra,Washed / Wet,8,8,8.17,8,10,0,1800
Panama,37,Gesha,Washed / Wet,8,8,8.08,8,10,0.08,1600
Guatemala,150,Bourbon,Washed / Wet,7.83,8,8.17,8,10,0.12,1524
Guatemala,275,Catuai,Washed / Wet,8,8,8.33,7.83,10,0.1,1417.32
El Salvador,275,Bourbon,Washed / Wet,7.92,8.17,7.92,7.83,10,0.1,1500
El Salvador,19,Bourbon,Semi-washed / Semi-pulped,7.83,8,7.75,8.17,10,0.11,1350
Panama,100,Caturra,Natural / Dry,8,7.75,7.83,8.58,10,0.09,1680
Kenya,16,SL28,Natural / Dry,7.92,7.92,8.08,7.92,10,0.1,1900
Ethiopia,320,Other,Natural / Dry,7.83,8,7.92,8.08,10,0.12,1900
Uganda,320,SL14,Washed / Wet,8.33,7.92,7.92,7.92,10,0.12,1600
Guatemala,250,Bourbon,Washed / Wet,8,7.83,8.33,8,10,0.11,1731.264
Uganda,150,SL14,Washed / Wet,8.08,8,7.67,7.83,10,0.12,1950
Brazil,5,Bourbon,Semi-washed / Semi-pulped,8,8,7.67,8,10,0.11,1250
China,3,Catimor,Natural / Dry,8,8,7.83,7.75,10,0.1,1700
Guatemala,36,Pacamara,Natural / Dry,7.83,7.75,7.67,8.58,10,0.11,1770
Costa Rica,250,Caturra,Washed / Wet,7.92,8.08,7.92,8.08,9.33,0,1300
Costa Rica,250,Caturra,Washed / Wet,8,7.58,7.67,8.5,10,0.1,1300
Kenya,20,SL34,Washed / Wet,7.83,8.08,8.08,7.75,10,0,1600
Kenya,300,SL34,Washed / Wet,8,7.92,8.08,7.75,10,0,1200
Colombia,275,Caturra,Washed / Wet,8.17,7.92,8,7.83,10,0.11,1550
Colombia,250,Caturra,Natural / Dry,7.58,8.08,7.83,7.92,10,0.12,1550
Indonesia,54,Sumatra Lintong,Semi-washed / Semi-pulped,7.75,7.83,8,7.83,10,0.11,1325
Guatemala,250,Caturra,Washed / Wet,8.25,8,7.92,7.67,10,0,1400
Colombia,250,Caturra,Natural / Dry,8.17,7.83,8.08,7.75,10,0,2560
Colombia,250,Caturra,Natural / Dry,7.83,8,7.75,7.83,10,0.11,2136
Uganda,200,SL14,Washed / Wet,8.17,7.92,7.75,7.75,10,0.11,1800
Costa Rica,36,Catuai,Washed / Wet,7.83,8,7.92,7.83,10,0.12,1900
Mexico,1,Typica,Washed / Wet,7.83,8,7.75,7.83,10,0.09,1300
Kenya,38,SL34,Washed / Wet,7.75,7.83,8.08,7.75,10,0,1580
Brazil,31,Mundo Novo,Natural / Dry,8,8,7.83,7.67,10,0.12,1100
Colombia,252,Caturra,Washed / Wet,7.92,7.83,7.83,8,10,0.12,1775
Taiwan,20,Typica,Semi-washed / Semi-pulped,7.67,7.83,7.58,7.92,10,0.11,800
"Tanzania, United Republic Of",134,Other,Washed / Wet,8,7.83,7.92,7.75,10,0.12,1620
Colombia,50,Caturra,Washed / Wet,7.75,7.92,7.75,8,10,0.11,1775
Mexico,25,Typica,Semi-washed / Semi-pulped,7.75,8,7.83,7.92,10,0.11,1200
Brazil,4,Bourbon,Natural / Dry,8,7.92,7.75,7.75,10,0.11,1200
Brazil,10,Catuai,Natural / Dry,8,8,8,7.75,10,0.12,1000
Taiwan,10,Typica,Natural / Dry,7.92,7.58,7.83,7.83,10,0,350
Uganda,1,SL14,Natural / Dry,7.75,7.92,7.67,7.75,10,0.12,1650
Kenya,150,SL34,Washed / Wet,7.92,7.83,7.92,7.83,10,0.13,1800
Honduras,275,Catuai,Washed / Wet,7.83,7.75,7.67,7.67,10,0.11,1450
El Salvador,150,Bourbon,Washed / Wet,7.83,7.83,8,7.67,10,0,1350
Indonesia,2,Java,Washed / Wet,7.92,7.83,7.75,7.75,10,0.12,1200
Japan,20,Mundo Novo,Pulped natural / honey,7.75,7.75,7.42,7.83,10,0.12,170
Costa Rica,15,Catuai,Washed / Wet,8.08,7.75,7.83,7.92,10,0.1,1150
Guatemala,120,Bourbon,Washed / Wet,7.75,7.83,8,7.75,10,0.1,1600
Costa Rica,50,Caturra,Washed / Wet,8.17,8,7.17,7.75,10,0.12,1750
Ethiopia,250,Ethiopian Yirgacheffe,Washed / Wet,8.08,7.83,7.83,7.67,10,0.1,1900
Costa Rica,20,Other,Other,7.67,7.58,7.75,8.58,10,0.08,1750
Costa Rica,275,Catuai,Washed / Wet,8,7.58,7.75,7.75,10,0.11,1200
Taiwan,10,Typica,Washed / Wet,8,7.92,7.75,7.75,10,0.11,1000
Colombia,250,Caturra,Washed / Wet,7.75,7.83,7.83,7.83,10,0,1550
Kenya,235,SL28,Washed / Wet,7.75,7.92,8,7.75,10,0.11,2000
Guatemala,250,Bourbon,Washed / Wet,8,7.83,7.83,8,10,0.11,1310.64
Guatemala,125,Bourbon,Washed / Wet,7.67,7.83,8,7.83,10,0.12,1524
Mexico,80,Typica,Washed / Wet,7.83,7.58,7.92,7.83,10,0.13,1200
Uganda,320,Other,Washed / Wet,7.92,7.83,7.92,7.75,10,0.11,1775
Kenya,66,SL34,Washed / Wet,7.92,7.75,7.75,7.92,10,0.11,1754
Colombia,250,Other,Washed / Wet,7.83,7.67,7.92,7.83,10,0,1500
Kenya,100,Peaberry,Washed / Wet,7.83,7.83,7.75,7.83,10,0.1,1800
Guatemala,250,Pacas,Washed / Wet,7.75,7.83,7.92,7.83,10,0.11,1524
Guatemala,250,Bourbon,Washed / Wet,8,7.92,7.58,7.67,10,0.09,1219.2
Colombia,250,Caturra,Washed / Wet,7.67,7.67,7.75,8.5,10,0,1550
Colombia,75,Caturra,Washed / Wet,7.75,7.75,7.75,8,10,0,1750
Colombia,250,Caturra,Washed / Wet,7.67,7.83,8,7.92,10,0,1750
Costa Rica,1,Bourbon,Semi-washed / Semi-pulped,7.75,7.83,8,7.67,10,0.12,1575
Colombia,250,Caturra,Washed / Wet,7.42,7.67,7.75,7.83,10,0.11,1800
Brazil,37,Bourbon,Semi-washed / Semi-pulped,8,8,7.75,7.75,10,0.12,1300
Brazil,35,Catuai,Semi-washed / Semi-pulped,8.5,8,7.75,7.83,10,0.11,1100
Costa Rica,275,Caturra,Washed / Wet,7.92,7.67,7.75,7.58,10,0.1,1200
Uganda,200,SL14,Washed / Wet,7.92,7.75,7.75,7.75,10,0.11,1750
China,3,Catimor,Washed / Wet,7.75,7.92,7.83,7.67,10,0.1,1680
Costa Rica,250,Caturra,Washed / Wet,7.92,7.83,7.83,7.58,10,0.11,1700
Colombia,275,Other,Washed / Wet,8.08,7.67,7.83,7.67,10,0.12,1800
China,1,Other,Washed / Wet,7.67,8,7.83,7.58,10,0,1100
Guatemala,250,Bourbon,Washed / Wet,8.17,7.83,7.83,7.83,10,0.11,1310.64
Kenya,235,SL28,Washed / Wet,7.92,7.83,8,7.75,10,0.11,2000
Mexico,56,Typica,Washed / Wet,8,7.92,8.08,7.67,10,0.12,1350
Mexico,250,Typica,Washed / Wet,7.92,7.83,7.75,7.83,10,0.11,1500
Costa Rica,275,Caturra,Washed / Wet,7.58,7.83,8,7.58,10,0.1,1300
Indonesia,200,Mandheling,Other,7.67,7.67,7.58,7.83,10,0,1400
Colombia,275,Caturra,Washed / Wet,7.92,7.75,7.92,7.75,10,0,1775
Taiwan,2,Typica,Washed / Wet,7.83,7.83,8,7.75,10,0.11,1200
Mexico,69,Pacamara,Washed / Wet,7.75,7.92,7.67,7.67,10,0.12,900
Kenya,150,SL28,Washed / Wet,7.33,7.58,7.75,7.92,10,0.11,1800
Honduras,275,Catuai,Washed / Wet,7.58,7.92,7.75,7.75,10,0.11,1500
Colombia,250,Caturra,Natural / Dry,7.75,7.67,7.67,7.83,10,0.11,442
Colombia,275,Caturra,Washed / Wet,7.75,7.58,7.83,8.08,10,0,1800
Mexico,100,Typica,Washed / Wet,8,7.75,7.83,7.67,10,0.12,1700
Taiwan,10,Typica,Washed / Wet,7.92,7.75,7.67,7.83,10,0.12,1000
Thailand,20,Catimor,Natural / Dry,7.83,7.75,7.42,7.67,10,0.12,1200
Colombia,275,Caturra,Natural / Dry,7.83,7.58,7.58,8,10,0.11,2560
Guatemala,230,Caturra,Washed / Wet,7.75,7.75,7.92,7.75,10,0.11,1500
Guatemala,275,Caturra,Washed / Wet,7.75,7.92,8.08,7.67,10,0.1,1099.4136
China,3,Catimor,Natural / Dry,7.83,7.83,7.75,7.75,10,0.1,1400
Colombia,275,Caturra,Washed / Wet,7.67,7.67,7.75,7.92,10,0.11,1775
Colombia,248,Caturra,Washed / Wet,7.83,7.67,7.58,7.75,10,0.12,1775
Colombia,275,Other,Washed / Wet,7.83,7.75,7.58,7.75,10,0.12,1800
Colombia,250,Caturra,Natural / Dry,7.42,7.67,7.75,7.83,10,0.12,442
"Tanzania, United Republic Of",10,Other,Washed / Wet,7.83,7.67,7.83,7.67,10,0.12,1620
"Tanzania, United Republic Of",65,Other,Washed / Wet,7.83,7.75,7.75,7.75,10,0.12,1600
Guatemala,250,Bourbon,Other,7.83,7.83,7.92,7.75,10,0.1,1219.2
Colombia,250,Caturra,Washed / Wet,7.58,7.5,7.83,7.83,10,0.11,1700
Mexico,10,Typica,Semi-washed / Semi-pulped,7.83,7.92,7.83,7.75,10,0.12,1450
Mexico,20,Bourbon,Washed / Wet,7.83,7.83,7.67,7.58,10,0.12,1170
Mexico,250,Bourbon,Washed / Wet,7.83,7.92,7.75,7.75,10,0.1,1400
Uganda,1,Other,Natural / Dry,8.17,7.75,7.67,7.58,10,0.13,1700
Guatemala,50,Bourbon,Washed / Wet,7.75,7.83,7.83,7.75,10,0.13,1700
Costa Rica,150,Caturra,Washed / Wet,7.92,7.75,7.67,7.67,10,0.09,1700
Guatemala,275,Caturra,Washed / Wet,7.75,7.75,8,7.83,10,0.11,1116.7872
Guatemala,377,Caturra,Washed / Wet,7.75,7.92,7.92,7.67,10,0.1,1565
Guatemala,130,Bourbon,Washed / Wet,7.58,7.83,7.83,7.67,10,0.1,3280
Colombia,275,Caturra,Washed / Wet,8,7.5,7.67,7.83,10,0,1775
Nicaragua,275,Caturra,Natural / Dry,7.67,7.83,7.5,7.83,10,0.12,1000
Brazil,305,Catuai,Natural / Dry,7.67,7.75,7.67,7.75,10,0,1150
Costa Rica,320,Caturra,Washed / Wet,7.67,7.75,7.75,8,10,0,1850
Ethiopia,320,Gesha,Natural / Dry,7.5,7.92,7.83,7.83,10,0.1,1606.5
"Tanzania, United Republic Of",10,Other,Washed / Wet,7.92,7.75,7.75,7.58,10,0.13,1400
Colombia,250,Other,Washed / Wet,7.67,7.5,7.42,8.58,10,0.12,1530
Kenya,300,SL28,Washed / Wet,7.58,7.75,7.75,7.83,10,0.08,250.5
Brazil,1,Mundo Novo,Natural / Dry,7.58,7.83,7.67,8,10,0.11,1038.5
Guatemala,250,Bourbon,Washed / Wet,7.92,7.75,7.67,7.92,10,0.11,1310.64
El Salvador,275,Bourbon,Natural / Dry,8.42,8.08,7.17,8.17,10,0.11,1500
Colombia,250,Caturra,Washed / Wet,7.75,7.75,7.75,7.75,10,0,1750
Uganda,320,Other,Washed / Wet,7.83,7.75,7.83,7.75,10,0.11,1600
Colombia,275,Caturra,Washed / Wet,7.83,7.5,7.5,8.5,10,0,442
Taiwan,10,Typica,Washed / Wet,7.58,7.67,7.67,7.83,10,0.1,968
Colombia,200,Caturra,Washed / Wet,7.92,7.75,7.75,7.67,10,0,1775
Guatemala,1,Bourbon,Washed / Wet,7.58,7.75,8,7.67,10,0.1,1550
Mexico,300,Typica,Washed / Wet,7.67,7.75,7.75,7.75,10,0.11,1480
Ethiopia,100,Other,Natural / Dry,7.92,7.92,8,7.92,8.67,0.09,1800
Ethiopia,320,Gesha,Natural / Dry,7.83,7.75,7.75,7.75,10,0.11,1800
Honduras,275,Caturra,Washed / Wet,7.42,7.83,7.92,7.58,10,0.1,1500
Guatemala,275,Caturra,Washed / Wet,7.67,7.83,7.92,7.67,10,0.12,1706.88
Colombia,250,Other,Washed / Wet,7.67,7.67,7.58,7.83,10,0.11,1600
Guatemala,250,Bourbon,Natural / Dry,7.92,7.67,7.92,7.83,10,0.1,1219.2
Guatemala,250,Bourbon,Other,7.75,7.83,7.83,7.67,10,0.1,1219.2
Colombia,250,Caturra,Natural / Dry,7.58,7.42,7.92,7.92,10,0.12,1450
Colombia,138,Caturra,Washed / Wet,7.67,7.67,7.5,7.67,10,0.12,1775
Ethiopia,50,Other,Natural / Dry,7.75,7.75,7.58,7.92,10,0.09,1550
Brazil,320,Yellow Bourbon,Natural / Dry,7.58,7.83,7.25,7.75,10,0.1,1260
Colombia,270,Caturra,Washed / Wet,7.67,7.83,7.75,7.75,10,0.11,1700
Kenya,300,SL34,Washed / Wet,7.67,7.83,7.75,7.67,10,0,1200
Kenya,150,SL28,Washed / Wet,7.67,7.75,7.75,7.67,10,0,1650
Uganda,320,Other,Washed / Wet,7.92,7.75,7.67,7.83,10,0.1,1700
Brazil,320,Bourbon,Natural / Dry,7.5,7.75,7.5,7.5,10,0,890
Mexico,200,Mundo Novo,Washed / Wet,7.83,7.83,7.92,7.5,10,0.11,1300
Thailand,45,Catimor,Natural / Dry,7.67,7.75,7.67,7.83,10,0.1,1350
Brazil,320,Bourbon,Natural / Dry,7.58,7.67,7.75,7.83,10,0.11,934
Taiwan,20,Typica,Washed / Wet,7.83,7.75,7.75,7.75,10,0.11,1200
Colombia,275,Caturra,Washed / Wet,7.75,7.58,7.83,7.67,10,0,1775
Taiwan,10,Typica,Washed / Wet,8,7.92,7.92,7.33,10,0.06,950
Colombia,250,Caturra,Natural / Dry,7.67,7.83,7.75,7.83,10,0.12,1550
Mexico,48,Typica,Washed / Wet,7.67,7.75,7.67,7.83,10,0.12,900
Mexico,250,Typica,Washed / Wet,7.5,7.67,7.83,7.75,10,0.11,1500
Mexico,20,Typica,Washed / Wet,7.75,7.92,7.92,7.67,10,0,1400
Colombia,275,Caturra,Washed / Wet,7.92,7.58,7.83,7.67,10,0,2527
Costa Rica,275,Caturra,Washed / Wet,7.67,7.67,7.67,7.75,10,0,1850
Guatemala,100,Bourbon,Washed / Wet,7.75,7.75,7.75,7.58,10,0.11,1500
Brazil,320,Yellow Bourbon,Natural / Dry,7.25,7.58,8,7.83,10,0,1
Taiwan,8,Typica,Washed / Wet,7.67,7.75,7.75,7.75,10,0,525
Brazil,300,Bourbon,Semi-washed / Semi-pulped,7.67,7.67,7.5,8.17,9.33,0,1200
Costa Rica,250,Catuai,Washed / Wet,7.83,7.42,7.83,7.83,10,0.1,1300
Guatemala,250,Bourbon,Washed / Wet,7.58,7.83,8,7.75,10,0.1,1219.2
Brazil,320,Yellow Bourbon,Natural / Dry,7.92,7.5,7.67,7.5,10,0.1,1260
Colombia,250,Caturra,Washed / Wet,7.67,7.58,7.83,7.67,10,0.11,1750
Guatemala,250,Bourbon,Washed / Wet,7.5,7.83,7.83,7.67,10,0.11,1310.64
Mexico,20,Bourbon,Natural / Dry,7.67,8,7.42,7.5,10,0.1,1218
Mexico,250,Pacas,Natural / Dry,7.67,7.58,7.75,7.75,10,0.11,1300
Brazil,300,Yellow Bourbon,Semi-washed / Semi-pulped,7.83,7.83,7.67,7.58,10,0.12,1250
Kenya,200,SL28,Washed / Wet,7.75,7.58,7.58,7.75,10,0.11,1800
Brazil,320,Bourbon,Natural / Dry,7.67,7.67,7.75,7.67,10,0.11,890
Colombia,275,Caturra,Washed / Wet,7.83,7.83,7.58,7.58,10,0.11,442
Taiwan,10,Typica,Natural / Dry,7.67,7.67,7.58,7.83,10,0,750
China,3,Catimor,Washed / Wet,7.83,7.75,7.5,7.67,10,0.1,1650
Colombia,250,Caturra,Natural / Dry,7.75,7.67,7.67,7.83,10,0,442
Uganda,320,Bourbon,Natural / Dry,8,7.92,7.75,7.5,10,0.12,1400
United States (Puerto Rico),18,Other,Washed / Wet,7.83,7.83,7.67,8.17,10,0.12,853.44
Colombia,100,Caturra,Washed / Wet,7.67,7.67,7.92,7.67,10,0,1775
Colombia,250,Other,Washed / Wet,7.67,7.42,7.42,8.33,10,0,1550
Colombia,250,Caturra,Washed / Wet,7.58,7.67,7.67,7.67,10,0,1750
Colombia,275,Caturra,Washed / Wet,7.75,7.67,7.58,8,10,0.11,1750
Mexico,10,Caturra,Natural / Dry,7.83,7.58,7.5,7.67,10,0.13,700
Guatemala,250,Caturra,Washed / Wet,7.67,7.58,7.67,7.75,10,0.11,1300
Brazil,320,Bourbon,Natural / Dry,7.67,7.83,7.67,7.5,10,0.11,890
Kenya,200,SL28,Washed / Wet,8.08,7.67,7.58,7.67,10,0.11,1700
Honduras,285,Caturra,Washed / Wet,7.5,7.5,7.67,8,10,0.1,1400
Nicaragua,275,Caturra,Washed / Wet,7.67,7.75,7.67,7.58,10,0.1,1250
Brazil,320,Bourbon,Natural / Dry,7.58,7.75,7.75,7.58,10,0.11,934
Taiwan,20,Caturra,Natural / Dry,7.5,7.67,7.92,7.67,10,0.1,1200
Colombia,100,Caturra,Washed / Wet,7.5,7.75,7.75,7.67,10,0.11,1625
Guatemala,275,Bourbon,Washed / Wet,8,7.5,8,8,10,0.1,1356.6648
Colombia,250,Caturra,Washed / Wet,7.83,7.75,7.58,7.67,10,0,1750
Colombia,250,Caturra,Washed / Wet,7.67,7.67,7.67,7.75,10,0,1900
Guatemala,250,Bourbon,Washed / Wet,7.67,7.67,7.67,7.75,10,0.12,1310.64
Guatemala,250,Bourbon,Washed / Wet,7.83,7.67,7.67,7.83,10,0.11,1310.64
Colombia,250,Caturra,Washed / Wet,7.75,7.75,7.83,7.75,10,0.11,1750
Guatemala,250,Caturra,Natural / Dry,8.17,8.17,7.67,7.75,9.33,0.11,1450
Guatemala,250,Bourbon,Washed / Wet,7.67,8.17,7.42,7.83,10,0.11,1310.64
Mexico,48,Typica,Washed / Wet,7.67,7.5,7.33,8.25,10,0.12,1100
Indonesia,10,Typica,Washed / Wet,8.17,7.67,7.58,7.67,10,0.12,1400
Guatemala,250,Caturra,Washed / Wet,7.67,7.5,8,7.67,10,0.1,1524
Brazil,320,Bourbon,Natural / Dry,7.58,7.67,7.58,7.58,10,0.11,890
Guatemala,275,Caturra,Washed / Wet,7.75,7.75,7.83,7.58,10,0.11,1128.3696
China,3,Catimor,Washed / Wet,7.67,7.58,7.58,7.75,10,0.1,1100
Colombia,275,Caturra,Washed / Wet,7.67,7.75,7.67,7.58,10,0.12,1775
Mexico,275,Caturra,Washed / Wet,7.75,7.75,7.58,7.67,10,0.12,1200
Ethiopia,250,Other,Washed / Wet,7.75,7.67,7.67,7.67,10,0,1850
Uganda,100,SL14,Washed / Wet,7.67,7.67,7.75,7.67,10,0.12,1800
Colombia,250,Caturra,Natural / Dry,7.67,7.58,7.67,7.67,10,0,1600
Colombia,250,Caturra,Washed / Wet,7.67,7.58,7.58,7.75,10,0.12,1550
Colombia,250,Caturra,Washed / Wet,7.75,7.58,7.58,7.83,10,0,1550
Taiwan,10,Typica,Other,7.75,7.75,7.75,7.58,10,0.11,1000
Colombia,275,Caturra,Washed / Wet,7.67,7.67,7.67,7.58,10,0.11,1775
Mexico,250,Typica,Washed / Wet,7.83,7.67,7.58,7.58,10,0.12,1000
Colombia,250,Caturra,Natural / Dry,7.67,7.58,7.58,7.75,10,0.11,2136
Brazil,33,Catuai,Semi-washed / Semi-pulped,7.83,7.75,7.75,7.58,10,0.12,1100
Colombia,50,Caturra,Washed / Wet,7.75,7.58,7.75,7.5,10,0,1799
Costa Rica,245,Caturra,Washed / Wet,7.92,7.42,7.67,7.67,10,0,1850
Colombia,250,Caturra,Natural / Dry,7.75,7.58,7.5,7.75,10,0,1000
Guatemala,250,Bourbon,Washed / Wet,7.67,7.75,7.83,7.58,10,0.1,1219.2
Colombia,180,Caturra,Washed / Wet,7.58,7.58,7.58,7.67,10,0.12,1775
"Tanzania, United Republic Of",5,Ruiru 11,Washed / Wet,7.75,7.67,7.67,7.58,10,0.13,1400
Indonesia,200,Sumatra,Semi-washed / Semi-pulped,7.25,7.67,7.92,7.58,10,0.13,1500
Colombia,275,Caturra,Washed / Wet,8,7.58,7.58,7.58,10,0.11,1850
Guatemala,250,Caturra,Washed / Wet,7.58,7.75,7.83,7.67,10,0.1,1400
Colombia,250,Caturra,Washed / Wet,7.75,7.58,7.5,7.83,10,0,1650
Honduras,275,Caturra,Natural / Dry,7.67,7.5,7.5,7.67,10,0.1,1350
Colombia,250,Caturra,Washed / Wet,7.58,7.75,7.67,7.67,10,0,1750
Colombia,250,Caturra,Washed / Wet,7.58,7.67,7.75,7.75,10,0.11,1750
Mexico,10,Bourbon,Natural / Dry,7.83,7.58,7.5,7.42,10,0.13,1170
Mexico,10,Typica,Semi-washed / Semi-pulped,7.67,7.75,7.75,7.5,10,0.11,940
Mexico,15,Pacamara,Washed / Wet,7.75,7.67,7.75,7.5,10,0.12,1400
Guatemala,275,Caturra,Washed / Wet,7.83,7.5,8,7.5,10,0.1,1524
Colombia,175,Caturra,Washed / Wet,7.67,7.58,7.67,7.67,10,0.11,1775
Guatemala,250,Bourbon,Washed / Wet,7.5,7.5,7.5,7.67,10,0,1402.08
Colombia,300,Caturra,Washed / Wet,7.5,7.58,7.5,7.83,10,0,439
Guatemala,50,Bourbon,Washed / Wet,7.67,7.75,7.58,7.67,10,0.1,1700
Colombia,600,Caturra,Washed / Wet,7.67,7.67,7.67,7.58,10,0.11,442
Costa Rica,275,Caturra,Washed / Wet,7.58,7.5,7.92,7.67,10,0.09,1850
Uganda,20,SL14,Washed / Wet,7.58,7.75,7.75,7.58,10,0.11,1800
Thailand,500,Catimor,Washed / Wet,7.5,7.58,7.5,7.67,10,0.13,1200
El Salvador,275,Bourbon,Washed / Wet,7.58,7.5,7.58,7.67,10,0.11,1330
Colombia,275,Caturra,Natural / Dry,7.58,7.67,7.67,7.67,10,0.12,442
"Tanzania, United Republic Of",39,Bourbon,Washed / Wet,7.75,7.67,7.67,7.58,10,0.13,1600
Colombia,250,Caturra,Washed / Wet,7.58,7.58,7.75,8.58,10,0.12,1813
Guatemala,250,Bourbon,Natural / Dry,7.75,7.83,7.83,7.67,10,0.1,1219.2
Guatemala,250,Caturra,Washed / Wet,7.67,7.75,7.83,7.5,10,0.1,1500
Guatemala,250,Bourbon,Washed / Wet,7.67,7.5,7.42,7.75,10,0.11,1310.64
Colombia,250,Caturra,Washed / Wet,7.5,7.75,7.5,7.75,10,0.11,1450
Colombia,275,Caturra,Washed / Wet,7.75,7.5,7.58,7.58,10,0,1650
Brazil,10,Catuai,Semi-washed / Semi-pulped,7.5,7.83,7.58,7.92,10,0.1,1227
Mexico,275,Caturra,Washed / Wet,7.75,7.75,7.67,7.58,10,0.12,1200
Colombia,275,Caturra,Washed / Wet,7.67,7.75,7.83,7.42,10,0.11,1650
"Tanzania, United Republic Of",10,Other,Semi-washed / Semi-pulped,7.75,7.58,7.58,7.58,10,0.12,1700
Mexico,200,Other,Washed / Wet,7.67,7.67,7.67,7.58,10,0.12,1100
Costa Rica,250,Caturra,Washed / Wet,7.67,7.67,7.67,7.67,10,0.12,1300
Costa Rica,250,Catuai,Washed / Wet,7.5,7.67,7.5,7.17,10,0.11,1200
Haiti,2,Typica,Washed / Wet,7.58,7.5,7.5,7.42,10,0.11,1280.16
Colombia,250,Caturra,Natural / Dry,7.67,7.67,7.67,7.42,10,0.11,1000
Guatemala,250,Bourbon,Washed / Wet,7.83,7.67,7.67,7.67,10,0.11,1310.64
Burundi,220,Bourbon,Washed / Wet,7.75,7.67,7.5,7.75,10,0,1880
Colombia,250,Caturra,Washed / Wet,7.5,7.67,7.58,7.58,10,0,1750
Mexico,50,Typica,Washed / Wet,7.67,7.83,7.83,7.5,10,0.11,1600
Costa Rica,29,Catuai,Pulped natural / honey,7.5,7.5,7.5,7.67,10,0.11,1900
Guatemala,275,Pacas,Washed / Wet,7.5,7.58,7.83,7.58,10,0.11,2100
Colombia,304,Caturra,Natural / Dry,7.58,7.67,7.17,7.83,10,0,442
Mexico,11,Typica,Natural / Dry,7.83,7.75,7.58,7.58,10,0.12,1261
Taiwan,10,Bourbon,Washed / Wet,7.67,7.5,7.5,7.83,10,0.1,1000
Taiwan,10,Typica,Washed / Wet,7.92,7.83,7.58,7.33,10,0.1,800
Colombia,250,Caturra,Natural / Dry,7.58,7.58,7.58,7.75,10,0,1483
Guatemala,26,Caturra,Washed / Wet,7.5,7.67,7.67,7.5,10,0.1,1500
Colombia,275,Caturra,Washed / Wet,7.83,7.5,7.33,7.67,10,0.11,1750
Mexico,200,Bourbon,Washed / Wet,7.58,7.75,7.5,7.58,10,0.12,1300
Mexico,54,Caturra,Washed / Wet,7.75,7.75,7.92,7.5,10,0.12,1000
Guatemala,250,Bourbon,Washed / Wet,7.83,7.58,7.83,8.08,10,0.11,1310.64
Brazil,30,Yellow Bourbon,Semi-washed / Semi-pulped,7.75,7.67,7.58,7.58,10,0.11,1200
Colombia,250,Caturra,Washed / Wet,7.67,7.58,7.42,7.58,10,0.12,175
Colombia,175,Caturra,Washed / Wet,7.67,7.67,7.5,7.67,10,0.11,1775
Brazil,320,Bourbon,Natural / Dry,7.67,7.42,7.58,7.58,10,0.11,890
Guatemala,275,Bourbon,Washed / Wet,7.58,7.58,7.67,7.58,10,0.1,1901
"Tanzania, United Republic Of",320,Bourbon,Washed / Wet,7.67,7.58,7.67,7.58,10,0.12,168
Vietnam,1,Catimor,Natural / Dry,7.58,7.42,7.33,8.58,10,0.07,1550
Guatemala,250,Caturra,Washed / Wet,7.67,7.75,7.75,7.5,10,0.11,1500
Honduras,275,Catuai,Washed / Wet,7.67,7.67,7.67,7.67,10,0.11,1450
China,3,Catimor,Washed / Wet,7.5,7.67,7.67,7.67,10,0.11,1200
China,3,Catimor,Washed / Wet,7.67,7.67,7.67,7.58,10,0.1,1600
El Salvador,275,Bourbon,Washed / Wet,7.5,7.5,7.67,7.67,10,0,1350
Guatemala,150,Bourbon,Washed / Wet,7.5,7.75,7.83,7.5,10,0.11,1500
Guatemala,100,Bourbon,Washed / Wet,7.92,7.67,7.75,7.5,10,0.12,1650
Kenya,300,SL28,Washed / Wet,7.83,7.75,7.75,8.5,9.33,0.1,250.5
"Tanzania, United Republic Of",180,Other,Washed / Wet,7.58,7.67,7.58,7.58,10,0.13,1653
Colombia,232,Caturra,Washed / Wet,7.58,7.5,7.67,7.67,10,0,1775
Uganda,84,SL14,Washed / Wet,8,7.67,7.42,7.58,10,0.1,1800
Honduras,275,Catuai,Natural / Dry,7.5,7.5,7.67,7.67,10,0.1,1450
Honduras,275,Caturra,Natural / Dry,7.67,7.67,7.67,7.67,10,0.11,1350
Guatemala,200,Catuai,Washed / Wet,7.33,7.83,8.17,7.67,10,0.09,1524
"Tanzania, United Republic Of",300,Bourbon,Washed / Wet,7.58,7.5,7.75,7.58,10,0.12,1800
Guatemala,250,Bourbon,Washed / Wet,7.67,7.83,7.67,7.67,10,0.11,1310.64
Mexico,45,Typica,Washed / Wet,7.75,7.58,7.58,7.42,10,0.11,1500
Mexico,10,Typica,Washed / Wet,7.75,7.67,7.5,7.58,10,0.12,532
Mexico,10,Pacamara,Washed / Wet,7.58,7.75,7.67,7.58,10,0.14,1089
Colombia,275,Caturra,Washed / Wet,7.67,7.5,7.5,8.17,10,0.11,1775
Mexico,15,Typica,Washed / Wet,7.75,7.5,7.75,7.58,10,0.13,700
Colombia,250,Caturra,Washed / Wet,7.58,7.67,7.58,7.67,10,0.11,1750
Mexico,250,Typica,Washed / Wet,7.5,7.75,7.58,7.5,10,0.11,1380
Brazil,50,Mundo Novo,Natural / Dry,7.75,7.67,7.5,7.58,10,0.12,1000
Brazil,100,Mundo Novo,Natural / Dry,7.92,7.58,7.58,7.5,10,0.11,950
Guatemala,250,Bourbon,Washed / Wet,7.75,7.5,7.5,8,9.33,0,1402.08
Brazil,25,Mundo Novo,Semi-washed / Semi-pulped,7.75,7.5,7.5,7.5,10,0.12,1000
Colombia,275,Caturra,Washed / Wet,7.58,7.67,7.67,7.58,10,0,1799
Brazil,320,Yellow Bourbon,Pulped natural / honey,7.58,7.58,7.5,7.58,10,0.11,905
Brazil,320,Yellow Bourbon,Natural / Dry,7.33,7.67,7.33,7.42,10,0,1
Taiwan,20,Typica,Natural / Dry,7.83,7.92,7.83,7.25,10,0,750
Brazil,300,Bourbon,Washed / Wet,7.58,7.83,7.42,7.5,10,0,1200
Costa Rica,250,Catuai,Washed / Wet,7.83,7.33,7.67,7.67,10,0.1,1300
Taiwan,50,Typica,Other,7.75,7.75,7.5,7.5,10,0.11,1300
Mexico,10,Other,Washed / Wet,7.75,7.67,7.75,7.5,10,0.1,1400
Brazil,320,Bourbon,Natural / Dry,7.58,7.5,7.75,7.5,10,0,890
Brazil,320,Bourbon,Natural / Dry,7.5,7.58,7.67,7.5,10,0.11,894
Brazil,320,Bourbon,Natural / Dry,7.5,7.67,7.67,7.42,10,0.11,872
Uganda,310,Bourbon,Washed / Wet,7.67,7.58,7.42,7.5,10,0.12,1473
Uganda,325,Bourbon,Natural / Dry,7.67,7.67,7.58,7.5,10,0.12,1645
Vietnam,2,Caturra,Other,7.75,7.67,7.58,7.67,10,0,1550
Guatemala,275,Catuai,Washed / Wet,7.67,7.75,7.92,7.5,10,0.11,1550
Guatemala,200,Catuai,Washed / Wet,7.75,7.67,7.75,7.42,10,0.11,1371.6
Guatemala,250,Bourbon,Washed / Wet,7.83,7.67,7.67,7.5,10,0.11,1500
Brazil,305,Catuai,Natural / Dry,7.67,7.67,7.5,7.5,10,0,1000
Taiwan,10,Typica,Washed / Wet,7.92,7.92,7.58,7.25,10,0.08,1200
Uganda,300,SL14,Washed / Wet,7.83,7.58,7.5,7.5,10,0.12,1800
United States (Puerto Rico),17,Other,Washed / Wet,7.67,7.5,7.83,7.83,9.33,0,853.44
Guatemala,26,Bourbon,Washed / Wet,7.67,7.67,7.83,7.5,10,0.1,1500
Costa Rica,250,Catuai,Washed / Wet,7.67,7.58,7.58,7.5,10,0.11,1200
Brazil,250,Yellow Bourbon,Semi-washed / Semi-pulped,7.75,7.58,7.67,7.67,10,0.12,1250
Colombia,120,Caturra,Washed / Wet,7.75,7.42,7.5,7.17,10,0.11,1775
Colombia,250,Caturra,Washed / Wet,7.83,7.5,7.33,7.67,10,0,1750
Colombia,250,Caturra,Natural / Dry,7.33,7.67,7.42,7.58,10,0.11,1000
Colombia,250,Caturra,Natural / Dry,7.58,7.75,7.67,7.42,10,0,1000
Colombia,275,Caturra,Washed / Wet,7.5,7.5,7.58,7.58,10,0.11,1775
Mexico,15,Typica,Washed / Wet,7.67,7.58,7.5,7.58,10,0.11,750
Mexico,20,Typica,Semi-washed / Semi-pulped,7.67,7.83,7.58,7.67,10,0.11,1200
Mexico,250,Bourbon,Washed / Wet,7.5,7.67,7.5,7.58,10,0.11,1200
Colombia,250,Caturra,Washed / Wet,7.75,7.58,7.67,7.75,10,0,1625
Colombia,250,Caturra,Washed / Wet,7.67,7.58,7.58,7.42,10,0.11,1750
Guatemala,275,Bourbon,Washed / Wet,7.5,7.67,7.67,7.83,10,0.1,1371.6
Colombia,121,Caturra,Washed / Wet,7.67,7.67,7.5,7.42,10,0.12,1775
Brazil,320,Bourbon,Natural / Dry,7.67,7.58,7.58,7.5,10,0,890
El Salvador,100,Bourbon,Washed / Wet,7.5,7.5,7.58,7.83,9.33,0,1350
Colombia,129,Caturra,Washed / Wet,7.58,7.67,7.33,7.58,10,0.11,1500
Taiwan,10,Caturra,Natural / Dry,7.17,7.83,7.67,7.58,10,0.09,350
Ethiopia,250,Ethiopian Heirlooms,Washed / Wet,7.58,7.58,7.5,7.58,10,0,2000
Taiwan,11,Typica,Natural / Dry,7.5,7.58,7.33,7.75,10,0,775
Philippines,250,Other,Washed / Wet,7.58,7.58,7.58,7.5,10,0.11,1200
Philippines,4,Other,Washed / Wet,8.08,7.5,7.42,7.5,10,0,1600
Mexico,11,Typica,Natural / Dry,7.83,7.67,7.58,7.5,10,0.13,1059
Mexico,275,Bourbon,Washed / Wet,7.75,7.67,7.42,7.5,10,0.12,1300
Brazil,300,Moka Peaberry,Semi-washed / Semi-pulped,7.08,7.5,7.83,7.67,10,0.11,11000
Uganda,1,SL14,Washed / Wet,8,7.5,7.58,7.42,10,0.12,1650
Uganda,1,SL14,Washed / Wet,7.75,7.58,7.5,7.5,10,0.12,1400
Guatemala,250,Bourbon,Washed / Wet,7.75,7.5,7.58,7.5,10,0.1,1500
Guatemala,26,Caturra,Natural / Dry,7.67,7.83,7.5,7.5,10,0.1,1500
Colombia,250,Caturra,Washed / Wet,7.58,7.5,7.33,7.58,10,0.11,1900
Colombia,250,Caturra,Natural / Dry,7.75,7.5,7.5,7.5,10,0,1750
Guatemala,250,Bourbon,Washed / Wet,7.83,7.75,7.92,7.17,10,0.11,1706.88
Colombia,250,Other,Washed / Wet,7.83,7.67,7.42,7.58,10,0.11,1450
Mexico,15,Typica,Natural / Dry,7.58,7.58,7.25,7.75,10,0.1,1248
Vietnam,1,Other,Natural / Dry,7.67,7.33,7.58,7.42,10,0,1040
Mexico,100,Typica,Washed / Wet,8,7.92,7.17,7.42,10,0.14,1400
Kenya,27,SL28,Washed / Wet,7.75,7.58,7.58,7.5,10,0.1,1754
Guatemala,50,Bourbon,Washed / Wet,7.5,7.58,7.67,7.58,10,0.11,1700
Brazil,320,Yellow Bourbon,Pulped natural / honey,7.67,7.58,7.5,7.42,10,0.11,905
El Salvador,275,Pacas,Washed / Wet,7.33,7.67,7.83,7.67,10,0,1250
Rwanda,150,Bourbon,Washed / Wet,7.83,7.92,7.83,7.75,9.33,0.11,1900
Vietnam,3,Other,Other,7.25,7.58,7.42,7.42,10,0.11,1040
Guatemala,80,Bourbon,Washed / Wet,7.58,7.58,7.67,7.5,10,0.11,1219.2
Brazil,300,Catuai,Natural / Dry,7.58,7.83,7.67,7.33,10,0.12,900
Colombia,100,Other,Washed / Wet,7.83,7.67,7.58,7.67,10,0,1600
United States,300,Other,Other,7.42,7.58,7.5,7.75,10,0,1200
Guatemala,250,Bourbon,Washed / Wet,7.67,7.67,7.67,7.17,10,0.1,1500
Colombia,40,Typica,Natural / Dry,7.5,7.42,7.5,7.58,10,0,1800
Colombia,125,Caturra,Washed / Wet,7.83,7.5,7.42,7.5,10,0.11,1775
"Tanzania, United Republic Of",300,Arusha,Washed / Wet,7.67,7.5,7.25,7.75,10,0.11,1400
Mexico,250,Caturra,Washed / Wet,7.58,7.67,7.58,7.5,10,0.12,1550
Mexico,250,Bourbon,Washed / Wet,7.67,7.58,7.75,7.42,10,0.12,1250
Guatemala,250,Bourbon,Washed / Wet,7.67,7.67,7.5,7.92,10,0.11,1310.64
Mexico,250,Typica,Washed / Wet,7.58,7.58,7.42,7.58,10,0.11,1380
Guatemala,275,Caturra,Washed / Wet,7.5,7.58,7.67,7.5,10,0.1,1100
Guatemala,275,Caturra,Washed / Wet,7.58,7.67,7.58,7.42,10,0.11,1800
Guatemala,50,Bourbon,Washed / Wet,7.5,7.67,7.67,7.58,10,0.11,1700
Guatemala,50,Bourbon,Washed / Wet,7.5,7.5,7.58,7.5,10,0.1,1219.2
Guatemala,25,Bourbon,Washed / Wet,7.42,7.58,7.67,7.5,10,0.1,1219.2
Indonesia,2,Sulawesi,Other,7.5,7.58,7.58,7.5,10,0.12,1500
Guatemala,25,Bourbon,Washed / Wet,7.58,7.58,7.58,7.67,10,0.12,157.8864
Taiwan,8,Yellow Bourbon,Natural / Dry,7.83,7.67,7.67,7.67,10,0,650
El Salvador,275,Bourbon,Washed / Wet,7.67,7.67,7.33,7.67,10,0,1250
Costa Rica,250,Caturra,Washed / Wet,7.58,7.5,7.67,7.5,10,0.09,1850
Honduras,275,Caturra,Natural / Dry,7.58,7.5,7.58,7.5,10,0.09,1400
Brazil,320,Yellow Bourbon,Pulped natural / honey,7.5,7.5,7.5,7.58,10,0.11,905
China,3,Catimor,Natural / Dry,7.67,7.5,7.33,7.67,10,0.1,1100
China,3,Catimor,Washed / Wet,7.5,7.67,7.67,7.5,10,0.11,1500
Colombia,250,Caturra,Washed / Wet,7.5,7.58,7.75,7.5,10,0,1775
Malawi,29,Gesha,Washed / Wet,7.75,7.58,7.5,7.5,10,0.12,1442
Guatemala,250,Pacas,Washed / Wet,7.75,7.42,7.75,7.67,10,0.13,1524
Colombia,275,Typica,Washed / Wet,7.67,7.42,7.58,7.67,10,0.12,165
Colombia,250,Caturra,Washed / Wet,7.58,7.33,7.33,8.58,10,0.1,1300
Mexico,32,Typica,Washed / Wet,7.58,7.58,7.5,7.5,10,0.12,1550
Mexico,250,Typica,Washed / Wet,7.58,7.58,7.75,7.58,10,0.12,1200
Mexico,21,Typica,Natural / Dry,8.08,8.17,8,7.92,10,0.12,1200
Colombia,250,Caturra,Washed / Wet,7.5,7.58,7.67,7.58,10,0,1625
Colombia,100,Caturra,Washed / Wet,7.67,7.58,7.58,7.42,10,0.11,1775
Panama,300,Catuai,Washed / Wet,7.42,7.42,7.58,7.75,10,0,1100
Brazil,320,Bourbon,Natural / Dry,7.5,7.58,7.75,7.5,10,0,890
Brazil,320,Bourbon,Natural / Dry,7.5,7.58,7.67,7.42,10,0.11,934
Laos,60,Catimor,Washed / Wet,7.67,7.67,7.42,7.5,10,0.13,1300
El Salvador,275,Pacas,Washed / Wet,7.67,7.67,7.67,7.67,9.33,0,1200
Brazil,320,Yellow Bourbon,Natural / Dry,7.58,7.5,7.67,7.5,10,0,1
"Tanzania, United Republic Of",93,Other,Washed / Wet,7.5,7.5,7.5,7.58,10,0.12,1700
"Tanzania, United Republic Of",77,Bourbon,Washed / Wet,7.58,7.5,7.58,7.58,10,0.12,1550
Taiwan,10,Typica,Washed / Wet,8,7.83,7.42,7.25,10,0.08,1200
Mexico,11,Typica,Natural / Dry,7.67,7.58,7.5,7.5,10,0.11,1296
Uganda,1,SL14,Washed / Wet,7.67,7.5,7.67,7.5,10,0.12,1650
Taiwan,10,Typica,Washed / Wet,7.67,7.5,7.5,7.5,10,0.11,1240
Thailand,300,Caturra,Washed / Wet,7.42,7.5,7.67,7.5,10,0.11,1500
Colombia,250,Caturra,Washed / Wet,7.75,7.58,7.25,7.42,10,0.11,1800
Guatemala,275,Caturra,Washed / Wet,7.67,7.67,7.67,7.5,10,0.11,1500
Mexico,36,Other,Washed / Wet,7.58,7.58,7.58,7.5,10,0.11,1100
Mexico,23,Typica,Washed / Wet,7.5,7.58,7.58,7.42,10,0.12,950
Guatemala,25,Bourbon,Washed / Wet,7.5,7.42,7.75,7.5,10,0.1,1219.2
Taiwan,6,Typica,Pulped natural / honey,7.67,7.42,7.42,7.5,10,0.11,1050
Indonesia,150,Typica,Semi-washed / Semi-pulped,7.83,7.58,7.33,7.5,10,0.13,1250
Thailand,50,Caturra,Washed / Wet,7.42,7.58,7.42,7.5,10,0.12,1450
"Tanzania, United Republic Of",10,Other,Washed / Wet,7.75,7.42,7.5,7.5,10,0.12,1317
Uganda,1,SL14,Natural / Dry,7.83,7.5,7.58,7.42,10,0.12,1650
Costa Rica,250,Catuai,Washed / Wet,7.67,7.42,7.67,7.75,10,0.11,1300
Colombia,250,Caturra,Washed / Wet,7.75,7.25,7.42,7.83,10,0.11,1750
Colombia,250,Caturra,Washed / Wet,7.75,7.5,7.25,7.58,10,0.11,1750
Colombia,250,Caturra,Washed / Wet,7.58,7.5,7.58,7.42,10,0.11,1750
Mexico,50,Typica,Washed / Wet,7.5,7.58,7.5,7.5,10,0.1,1250
Mexico,70,Typica,Washed / Wet,7.67,7.58,7.75,6.83,10,0.12,1150
Colombia,275,Caturra,Washed / Wet,7.33,7.42,7.42,7.5,10,0.11,1775
Brazil,320,Bourbon,Natural / Dry,7.5,7.5,7.5,7.5,10,0.11,890
Indonesia,2,Other,Washed / Wet,7.83,7.75,7.5,7.33,10,0.11,1250
Honduras,275,Caturra,Washed / Wet,7.58,7.58,7.5,7.5,10,0.1,1400
Guatemala,50,Bourbon,Washed / Wet,7.5,7.5,7.5,7.5,10,0.1,1219.2
Thailand,50,Caturra,Washed / Wet,7.33,7.5,7.5,7.5,10,0.11,1450
"Tanzania, United Republic Of",37,Other,Washed / Wet,7.67,7.42,7.58,7.5,10,0.12,1600
Mexico,2,Other,Washed / Wet,7.42,7.58,7.67,7.5,10,0,1600
Brazil,69,Yellow Bourbon,Semi-washed / Semi-pulped,7.42,7.5,7.33,7.67,10,0.11,1260
Guatemala,250,Bourbon,Washed / Wet,7.83,7.42,7.67,7.5,10,0.12,1310.64
Colombia,250,Caturra,Washed / Wet,7.5,7.5,7.42,7.58,10,0.11,1750
Guatemala,250,Bourbon,Washed / Wet,7.83,7.67,7.33,7.67,10,0.11,1310.64
Mexico,10,Typica,Washed / Wet,7.5,7.58,7.5,7.42,10,0.13,1679
Mexico,10,Typica,Washed / Wet,7.67,7.5,7.67,7.33,10,0.12,1100
Mexico,28,Typica,Semi-washed / Semi-pulped,7.92,7.5,7.58,7.42,10,0.11,1650
Brazil,300,Bourbon,Semi-washed / Semi-pulped,7.67,7.42,7.67,7.5,10,0,1250
Colombia,275,Caturra,Washed / Wet,7.67,7.5,7.5,7.67,10,0.11,1775
Honduras,1,Other,Washed / Wet,7.42,7.67,7.58,7.5,10,0.12,1500
Guatemala,50,Bourbon,Washed / Wet,7.58,7.5,7.75,7.5,10,0.1,1700
Guatemala,50,Bourbon,Washed / Wet,7.67,7.58,7.67,7.33,10,0.12,1700
Guatemala,20,Bourbon,Washed / Wet,7.58,7.5,7.67,7.5,10,0.12,157.8864
Colombia,43,Caturra,Washed / Wet,5.08,7.75,7.75,8.08,10,0.11,1600
China,3,Catimor,Washed / Wet,7.67,7.42,7.5,7.42,10,0.1,1600
"Tanzania, United Republic Of",10,Ruiru 11,Washed / Wet,7.67,7.25,7.42,7.42,10,0.13,2285
Brazil,320,Yellow Bourbon,Natural / Dry,7.17,7.83,7.5,7.42,10,0,1
Guatemala,250,Caturra,Washed / Wet,7.5,7.5,7.67,7.5,10,0.1,1400
Mexico,10,Typica,Washed / Wet,7.42,7.5,7.58,7.5,10,0.11,1296
Brazil,39,Catuai,Semi-washed / Semi-pulped,7.58,7.67,7.5,7.42,10,0.12,1000
Brazil,220,Yellow Bourbon,Natural / Dry,7.25,7.33,7.5,7.5,10,0,1260
Mexico,10,Bourbon,Washed / Wet,7.5,7.58,7.92,7.67,10,0.12,1170
Colombia,250,Caturra,Washed / Wet,7.67,7.42,7.5,7.5,10,0.11,1775
Mexico,49,Typica,Washed / Wet,7.5,7.42,7.67,7.58,10,0.12,1560
Mexico,20,Typica,Semi-washed / Semi-pulped,7.42,7.58,7.42,7.5,10,0.13,1400
Mexico,35,Typica,Washed / Wet,7.42,7.58,7.58,7.5,10,0.14,1300
Mexico,10,Caturra,Washed / Wet,7.75,7.33,7.58,7.33,10,0.13,1170
Mexico,74,Typica,Washed / Wet,7.5,7.58,7.5,7.5,10,0.11,1300
Mexico,26,Pacamara,Washed / Wet,7.58,7.58,7.5,7.5,10,0.14,1350
Mexico,10,Caturra,Washed / Wet,7.58,7.33,7.58,7.5,10,0.11,1150
Mexico,1,Bourbon,Washed / Wet,7.67,7.58,7.42,7.33,10,0.13,1250
Mexico,10,Typica,Washed / Wet,7.83,7.5,7.67,7.33,10,0.12,1450
Colombia,250,Caturra,Natural / Dry,7.67,7.33,7.42,7.67,10,0,442
Colombia,250,Caturra,Washed / Wet,7.33,7.58,7.58,7.58,10,0,1750
Honduras,275,Caturra,Washed / Wet,7.5,7.58,7.5,7.42,10,0.1,1396
Brazil,320,Catuai,Natural / Dry,7.33,7.5,7.33,7.5,10,0.11,982
Brazil,320,Bourbon,Natural / Dry,7.5,7.5,7.5,7.5,10,0.11,934
Costa Rica,100,Caturra,Washed / Wet,7.75,7.5,7.25,7.67,10,0.1,1850
Costa Rica,130,Catuai,Washed / Wet,7.75,7.33,7.5,7.58,10,0,1550
China,3,Catimor,Pulped natural / honey,7.5,7.58,7.5,7.42,10,0.12,1580
Brazil,12,Bourbon,Natural / Dry,8.25,7.83,8.33,8.08,10,0.07,1268
Guatemala,275,Bourbon,Washed / Wet,7.5,7.42,7.83,7.5,10,0.1,1676.4
Malawi,10,Gesha,Washed / Wet,7.33,7.58,7.58,7.5,10,0.12,1450
Brazil,10,Bourbon,Natural / Dry,7.75,8.08,8.08,8,6.67,0.11,1100
Guatemala,250,Pacas,Washed / Wet,7.58,7.67,7.58,7.5,10,0.12,1524
Colombia,250,Caturra,Washed / Wet,7.42,7.33,7.17,8.33,10,0.1,1300
Taiwan,10,Typica,Semi-washed / Semi-pulped,7.5,7.5,7.5,7.5,10,0.11,200
Taiwan,10,Typica,Washed / Wet,7.5,7.5,7.5,7.5,10,0.11,600
Guatemala,250,Bourbon,Washed / Wet,7.5,7.42,7.5,7.58,10,0.12,1310.64
Colombia,250,Caturra,Washed / Wet,7.5,7.42,7.5,7.58,10,0,1750
Mexico,250,Typica,Washed / Wet,7.67,7.5,7.5,7.42,10,0.12,1300
Guatemala,275,Bourbon,Washed / Wet,7.67,7.5,7.67,7.33,10,0.11,1752.6
Mexico,10,Typica,Natural / Dry,7.58,7.67,7.33,7.58,10,0.15,441
Mexico,10,Bourbon,Washed / Wet,7.67,7.58,7.58,7.5,10,0.13,1170
Guatemala,250,Bourbon,Washed / Wet,7.5,7.67,7.5,7.5,10,0.1,1310.64
Brazil,16,Mundo Novo,Natural / Dry,7.58,7.5,7.5,7.42,10,0.12,1100
Mexico,10,Typica,Washed / Wet,8,7.75,7.33,7.67,10,0.11,1300
Brazil,44,Mundo Novo,Washed / Wet,7.58,7.58,7.58,7.5,10,0.11,950
Colombia,250,Caturra,Natural / Dry,7.83,7.58,7.25,7.42,10,0,442
Brazil,1062,Catuai,Washed / Wet,7.58,7.5,7.42,7.33,10,0.09,1100
Guatemala,275,Pacas,Washed / Wet,7.67,7.5,7.67,7.42,10,0.11,1450
Brazil,180,Yellow Bourbon,Natural / Dry,7.42,7.67,7.08,7.42,10,0,1
El Salvador,275,Bourbon,Washed / Wet,7.58,7.67,7.67,8.42,9.33,0.12,1500
Honduras,275,Catuai,Washed / Wet,7.58,7.5,7.58,7.42,10,0.11,1350
Malawi,10,Gesha,Washed / Wet,7.58,7.42,7.42,7.5,10,0.13,1180
Brazil,320,Bourbon,Natural / Dry,7.75,7.58,7.42,7.33,10,0.11,1100
Taiwan,35,Typica,Washed / Wet,7.5,7.5,7.5,7.5,10,0.11,650
Mexico,150,Mundo Novo,Washed / Wet,7.58,7.58,7.42,7.42,10,0.12,1338
Mexico,10,Bourbon,Washed / Wet,7.58,7.58,7.17,7.42,10,0.16,533
Guatemala,275,Bourbon,Washed / Wet,7.5,7.5,7.58,7.33,10,0.11,1390.8024
Mexico,10,Bourbon,Washed / Wet,7.5,7.58,7.67,7.42,10,0.13,1170
Mexico,40,Typica,Washed / Wet,7.67,7.58,7.5,7.42,10,0.12,1250
Mexico,250,Typica,Washed / Wet,7.33,7.58,7.67,7.5,10,0.11,1100
Mexico,250,Typica,Washed / Wet,7.42,7.5,7.58,7.5,10,0.1,900
Colombia,250,Caturra,Washed / Wet,7.5,7.42,7.33,7.33,10,0.12,1750
Colombia,100,Caturra,Washed / Wet,7.67,7.33,7.33,7.5,10,0.11,1775
Brazil,320,Bourbon,Natural / Dry,7.42,7.42,7.42,7.5,10,0.11,934
Honduras,200,Caturra,Washed / Wet,7.5,7.5,7.42,7.5,10,0.11,1500
"Tanzania, United Republic Of",30,Bourbon,Washed / Wet,7.58,7.42,7.33,7.42,10,0.13,1650
"Tanzania, United Republic Of",300,Other,Washed / Wet,7.42,7.42,7.5,7.33,10,0.12,1600
Brazil,320,Yellow Bourbon,Natural / Dry,6.92,7.58,7.33,7.5,10,0,1
Honduras,275,Catuai,Washed / Wet,7.67,7.5,7.42,7.42,10,0.11,1350
Guatemala,250,Bourbon,Washed / Wet,7.42,7.42,7.5,7.5,10,0.09,1500
"Tanzania, United Republic Of",10,Other,Washed / Wet,7.75,7.42,7.58,7.42,10,0.12,1700
Mexico,200,Other,Washed / Wet,7.42,7.33,7.42,8.17,10,0.12,1100
Mexico,2,Other,Washed / Wet,7.5,7.5,7.42,7.42,10,0.1,1400
Taiwan,60,Typica,Other,7.5,7.5,7.5,7.5,10,0.11,1200
Taiwan,80,Typica,Washed / Wet,7.67,7.5,7.17,7.58,10,0,800
Colombia,250,Caturra,Washed / Wet,7.33,7.25,7.58,7.5,10,0,1750
Mexico,10,Typica,Washed / Wet,7.5,7.67,7.5,7.5,10,0.15,1144
Guatemala,250,Caturra,Washed / Wet,7.25,7.75,7.75,7.75,9.33,0.12,1350
Mexico,200,Typica,Washed / Wet,7.5,7.58,7.5,7.33,10,0.12,1000
Mexico,60,Typica,Washed / Wet,7,7.67,7.5,7.5,10,0.1,1200
Indonesia,2,Bourbon,Washed / Wet,7.5,7.5,7.42,7.42,10,0.15,1300
Brazil,320,Bourbon,Natural / Dry,7.42,7.58,7.5,7.25,10,0.11,894
Brazil,320,Yellow Bourbon,Natural / Dry,7.25,7.25,7.58,7.92,10,0,1
Costa Rica,275,Caturra,Washed / Wet,7.75,7.42,7.25,7.42,10,0,1300
"Tanzania, United Republic Of",300,Bourbon,Washed / Wet,7.42,7.33,7.42,7.58,10,0.12,1500
"Tanzania, United Republic Of",1,Other,Washed / Wet,7.42,7.5,7.33,7.5,10,0.12,1600
Costa Rica,150,Caturra,Washed / Wet,7.58,7.33,7.33,7.67,10,0.11,13
Mexico,35,Typica,Washed / Wet,7.42,7.58,7.33,7.42,10,0.13,1300
Mexico,250,Typica,Washed / Wet,7.5,7.42,7.5,7.5,10,0.13,1800
Mexico,15,Typica,Washed / Wet,7.67,7.5,7.58,7.33,10,0.11,1250
Vietnam,1,Other,Natural / Dry,7.67,8,7.08,7.08,10,0.12,1040
Mexico,250,Typica,Washed / Wet,7.58,7.42,7.75,7.42,10,0.11,1250
Honduras,275,Caturra,Washed / Wet,7.5,7.5,7.5,7.42,10,0.12,1600
Honduras,275,Caturra,Natural / Dry,7.5,7.5,7.33,7.5,10,0.1,1600
Brazil,230,Bourbon,Natural / Dry,7.5,7.33,7.5,7.42,10,0.11,944
"Tanzania, United Republic Of",2,Other,Washed / Wet,7.67,7.33,7.42,7.42,10,0.13,1650
Laos,1,Other,Washed / Wet,7.42,7.5,7.33,7.5,10,0.12,1250
"Tanzania, United Republic Of",1,Other,Washed / Wet,7.42,7.42,7.58,7.42,10,0.12,1350
Malawi,16,Gesha,Washed / Wet,7.5,7.42,7.58,7.5,10,0.13,2500
Taiwan,50,Typica,Washed / Wet,7.33,7.5,7.42,7.33,10,0.09,600
Costa Rica,250,Catuai,Washed / Wet,7.5,7.25,7.33,7.5,10,0.1,1300
Honduras,275,Caturra,Washed / Wet,7.33,7.33,7.5,7.83,10,0.11,1400
Colombia,250,Caturra,Washed / Wet,7.33,7.33,7.5,7.58,10,0.11,1900
Taiwan,30,Typica,Washed / Wet,7.42,7.58,7.42,7.5,10,0.12,650
Brazil,1,Mundo Novo,Natural / Dry,7.33,7.67,7.17,7.42,10,0.11,1038.5
Mexico,15,Typica,Washed / Wet,7.67,7.33,7.5,7.42,10,0.12,940
Brazil,50,Mundo Novo,Natural / Dry,7.42,7.5,7.5,7.5,10,0.12,1000
Brazil,75,Catuai,Semi-washed / Semi-pulped,7.42,7.5,7.5,7.42,10,0.11,1050
Brazil,53,Mundo Novo,Semi-washed / Semi-pulped,7.58,7.5,7.5,7.42,10,0.12,950
Guatemala,250,Bourbon,Washed / Wet,7.75,7.33,7.42,7.67,9.33,0,1402.08
Guatemala,25,Bourbon,Washed / Wet,7.58,7.5,7.58,7.5,10,0.1,1901
Guatemala,50,Bourbon,Washed / Wet,7.5,7.5,7.42,7.42,10,0.11,1219.2
Honduras,274,Caturra,Washed / Wet,7.58,7.5,7.33,7.5,10,0.12,1400
Brazil,305,Catuai,Natural / Dry,7.42,7.33,7.5,7.33,10,0.11,1020
El Salvador,275,Bourbon,Washed / Wet,7.67,7.58,7.5,7.67,9.33,0.11,1250
Guatemala,275,Catuai,Washed / Wet,7.58,7.58,7.83,7.33,10,0.11,1550
"Tanzania, United Republic Of",114,Other,Washed / Wet,7.33,7.33,7.42,7.58,10,0.12,1877
Zambia,13,SL28,Washed / Wet,7.67,7.08,7.33,7.42,10,0,1250
Taiwan,35,Typica,Other,7.5,7.5,7.25,7.5,10,0.11,1000
Mexico,450,Bourbon,Washed / Wet,7.58,7.5,7.58,7.25,10,0.12,1300
Mexico,10,Typica,Semi-washed / Semi-pulped,7.5,7.5,7.25,7.5,10,0.13,981
Mexico,10,Mundo Novo,Washed / Wet,7.5,7.42,7.5,7.33,10,0.14,690
Mexico,30,Other,Washed / Wet,7.33,7.58,7.58,7.33,10,0.12,1650
Mexico,62,Bourbon,Washed / Wet,7.67,7.42,7.83,7.5,10,0.12,1000
Brazil,8,Mundo Novo,Natural / Dry,7.42,7.58,7.5,7.5,10,0.12,1100
Guatemala,25,Bourbon,Washed / Wet,7.42,7.5,7.5,7.42,10,0.1,157.8864
Costa Rica,15,Catuai,Pulped natural / honey,7.25,7.33,7.33,7.42,10,0,1900
Brazil,200,Mundo Novo,Natural / Dry,7.42,7.5,7.5,7.25,10,0.11,973
Indonesia,166,Other,Other,7.75,7.83,7.75,7.83,10,0.11,1250
Guatemala,130,Bourbon,Washed / Wet,7.58,7.5,7.42,7.25,10,0.1,3280
Brazil,320,Yellow Bourbon,Natural / Dry,7.17,7.58,7.5,7.25,10,0,1
Brazil,300,Yellow Bourbon,Natural / Dry,7.58,7,6.92,7.5,10,0,1
Myanmar,1,Catuai,Washed / Wet,7.33,7.58,7.42,7.33,10,0,4001
Mexico,250,Catuai,Washed / Wet,7.58,7.5,7.5,7.33,10,0.11,1425
Honduras,275,Catuai,Washed / Wet,7.5,7.5,7.5,7.25,10,0.12,1400
Costa Rica,275,Caturra,Washed / Wet,7.67,7.5,7.25,7.42,10,0.09,1300
Taiwan,8,Typica,Washed / Wet,7.67,7.33,7.25,7.33,10,0,700
Indonesia,300,Typica,Other,7.42,7.42,7.33,7.42,10,0.11,1300
Malawi,24,Gesha,Washed / Wet,7.58,7.42,7.33,7.42,10,0.13,1556
Brazil,320,Bourbon,Natural / Dry,7.33,7.58,7.17,7.33,10,0.11,1100
Honduras,275,Caturra,Natural / Dry,7.5,7.5,7.33,7.33,10,0.1,1350
Mexico,280,Typica,Washed / Wet,7.42,7.42,7.5,7.42,10,0.11,1550
Colombia,50,Caturra,Washed / Wet,7.5,7.5,7.42,7.58,10,0,1775
Brazil,300,Bourbon,Semi-washed / Semi-pulped,7.75,7.75,7.42,7.75,9.33,0.12,1250
Guatemala,250,Bourbon,Washed / Wet,7.83,7.67,7.33,7.83,9.33,0.11,1310.64
Mexico,302,Bourbon,Washed / Wet,7.83,7.33,7.58,7.33,10,0.12,1500
Mexico,15,Typica,Semi-washed / Semi-pulped,7.33,7.33,7.5,7.5,10,0.12,1250
Guatemala,50,Bourbon,Washed / Wet,7.5,7.5,7.42,7.33,10,0.11,1700
Vietnam,1,Caturra,Washed / Wet,7,7.08,7.5,7.33,10,0.12,1040
"Tanzania, United Republic Of",1,Other,Washed / Wet,7.42,7.42,7.42,7.33,10,0.12,1600
Mexico,10,Bourbon,Washed / Wet,7.5,7.5,7.42,7.25,10,0.13,774
Mexico,100,Mundo Novo,Washed / Wet,7.42,7.5,7.67,7.42,10,0.13,1250
Mexico,42,Typica,Washed / Wet,7.42,7.5,7.58,7.33,10,0.11,1100
Mexico,250,Caturra,Washed / Wet,7.33,7.42,7.67,7.25,10,0.12,1550
Mexico,28,Typica,Washed / Wet,7.5,7.42,7.33,7.25,10,0.12,1650
Colombia,250,Caturra,Washed / Wet,7.33,7.42,7.33,7.67,10,0,1750
Brazil,320,Bourbon,Natural / Dry,7.42,7.5,7.5,7.25,10,0.11,890
Guatemala,50,Bourbon,Washed / Wet,7.42,7.42,7.42,7.42,10,0.1,1700
Guatemala,80,Bourbon,Washed / Wet,7.42,7.33,7.67,7.42,10,0.12,1219.2
Honduras,275,Catuai,Washed / Wet,7.58,7.5,7.33,7.25,10,0.11,1450
Brazil,320,Yellow Bourbon,Natural / Dry,7.25,7.75,7.42,7.58,10,0,1
"Tanzania, United Republic Of",20,Other,Washed / Wet,7.42,7.33,7.42,7.42,10,0.12,1500
"Tanzania, United Republic Of",10,Other,Washed / Wet,7.33,7.33,7.25,7.33,10,0.12,1700
Brazil,300,Bourbon,Washed / Wet,7.25,7.42,7.5,7.42,10,0.1,1260
Honduras,275,Caturra,Natural / Dry,7.5,7.33,7.5,7.17,10,0.1,1400
Costa Rica,275,Caturra,Washed / Wet,7.5,7.17,7.17,7.08,10,0.11,1850
Taiwan,10,Typica,Semi-washed / Semi-pulped,7.5,7.5,7.25,7.25,10,0.11,150
Taiwan,10,Typica,Washed / Wet,7.58,7.42,7.42,7.33,10,0.11,750
Mexico,310,Typica,Washed / Wet,7.5,7.42,7.58,7.33,10,0.12,1400
Guatemala,275,Bourbon,Washed / Wet,7.5,7.67,7.33,7.33,10,0.11,1752.6
Mexico,100,Typica,Washed / Wet,7.25,7.67,7.67,7.58,10,0.13,1650
Mexico,15,Bourbon,Washed / Wet,7.67,7.25,7.75,7.25,10,0.11,1400
Mexico,275,Bourbon,Washed / Wet,7.5,7.42,7.42,7.42,10,0.11,1200
Mexico,250,Bourbon,Washed / Wet,7.58,7.42,7.58,7.17,10,0.11,1400
Mexico,12,Caturra,Semi-washed / Semi-pulped,7.75,7.58,7.17,7.33,10,0.11,940
Honduras,275,Catimor,Washed / Wet,7.5,7.42,7.42,7.33,10,0.11,1200
Guatemala,25,Bourbon,Washed / Wet,7.42,7.42,7.5,7.33,10,0.12,190164
Taiwan,20,Typica,Washed / Wet,7.42,7.42,7.67,7.25,10,0.1,800
Costa Rica,250,Caturra,Washed / Wet,7.58,7.42,7.17,7.58,10,0.12,13
"Tanzania, United Republic Of",100,Other,Washed / Wet,7.42,7.42,7.42,7.33,10,0.12,1800
Malawi,10,Gesha,Washed / Wet,7.42,7.42,7.58,7.33,10,0.13,1100
Taiwan,50,Typica,Semi-washed / Semi-pulped,7.33,7.17,7.08,8.25,9.33,0,850
Brazil,300,Yellow Bourbon,Washed / Wet,7.42,7.42,7.33,7.25,10,0.12,1260
Guatemala,250,Bourbon,Washed / Wet,7.42,7.33,7.58,7.5,10,0.12,1310.64
Mexico,310,Typica,Washed / Wet,7.67,7.5,7.5,7.42,10,0.12,1400
Mexico,28,Marigojipe,Natural / Dry,7.33,7.5,7.5,7.17,10,0.11,1600
Mexico,28,Typica,Natural / Dry,7.67,7.58,7.58,7.42,8.67,0.11,1650
Guatemala,50,Bourbon,Washed / Wet,7.67,7.58,7.42,7.42,10,0.1,1219.2
Nicaragua,550,Caturra,Other,7.5,7.42,7.33,7.33,10,0.11,1100
Honduras,275,Caturra,Washed / Wet,7.5,7.5,7.42,7.25,10,0.1,1400
Taiwan,123,Typica,Natural / Dry,7.5,7.42,7.08,7.25,10,0.12,180
Myanmar,1,Catuai,Washed / Wet,7.25,7.42,7.5,7.33,10,0,1219.2
Costa Rica,250,Caturra,Washed / Wet,7.83,7.33,7.08,7.5,10,0.12,1200
Malawi,15,Gesha,Washed / Wet,7.67,7.42,7.5,7.17,10,0.12,1599
Guatemala,250,Other,Washed / Wet,7.5,7.42,7.58,7.42,10,0.12,1219.2
Taiwan,50,Typica,Washed / Wet,7.42,7.33,7.33,7.5,9.33,0.11,900
Brazil,300,Yellow Bourbon,Semi-washed / Semi-pulped,7.58,7.5,7.67,7.83,9.33,0,1200
Haiti,300,Blue Mountain,Washed / Wet,7.42,7.33,7.42,7.33,10,0.11,825
Taiwan,5,Typica,Other,7.5,7.42,7.25,7.33,10,0.11,600
Mexico,250,Typica,Washed / Wet,7.33,7.33,7.42,7.5,10,0.13,1150
Mexico,250,Typica,Washed / Wet,7.58,7.42,7.42,7.33,10,0.12,1600
Mexico,30,Catuai,Washed / Wet,7.42,7.25,7.42,8,10,0.12,1100
Mexico,20,Typica,Semi-washed / Semi-pulped,7.33,7.5,7.33,7.42,10,0.11,1000
Mexico,50,Bourbon,Washed / Wet,7.42,7.42,7.17,7.42,10,0.13,1250
Mexico,15,Typica,Natural / Dry,7.5,7.5,7.5,7.58,10,0.11,1100
Indonesia,10,Other,Washed / Wet,7.75,7.17,7.33,7.33,10,0.12,1400
Brazil,300,Bourbon,Semi-washed / Semi-pulped,7.5,7.42,7.42,7.33,10,0.12,125
Mexico,200,Mundo Novo,Washed / Wet,7.58,7.33,7.33,7.33,10,0.12,1100
Guatemala,450,Catuai,Washed / Wet,7.42,7.33,7.58,7.25,10,0.1,1371.6
Brazil,300,Catuai,Natural / Dry,7.33,7.5,7.33,7.42,10,0.11,1100
Honduras,275,Catuai,Washed / Wet,7.5,7.33,7.25,7.42,10,0.12,1400
Taiwan,10,Typica,Washed / Wet,7.83,7.75,7.17,7.08,10,0.12,110
Malawi,12,Gesha,Washed / Wet,7.58,7.17,7.42,7.42,10,0.12,1422
Brazil,320,Bourbon,Natural / Dry,7.25,7.5,7.17,7.33,10,0,1100
Guatemala,250,Bourbon,Washed / Wet,7.42,7.5,7.42,7.42,10,0.1,1550
Mexico,280,Typica,Washed / Wet,7.67,7.33,7.17,7.42,10,0,1550
Guatemala,250,Bourbon,Washed / Wet,7.42,7.33,7.42,7.5,10,0.12,1310.64
Mexico,10,Caturra,Washed / Wet,7.42,7.33,7.17,7.42,10,0.13,763
Mexico,20,Typica,Washed / Wet,7.42,7.42,7.25,7.33,10,0.13,1100
Colombia,250,Caturra,Natural / Dry,7.5,7.42,7.17,7.75,10,0.11,1750
Honduras,275,Caturra,Washed / Wet,7.5,7.5,7.17,7.33,10,0.11,1500
Brazil,300,Catuai,Natural / Dry,7.25,7.33,7.33,7.42,10,0.11,1100
Honduras,275,Catuai,Washed / Wet,7.58,7.42,7.42,7.17,10,0.09,1350
Brazil,300,Yellow Bourbon,Other,7.17,7.33,7.25,7.33,10,0.12,1200
Philippines,2,Other,Washed / Wet,7.08,7.33,7.33,7.5,10,0.14,1400
Malawi,31,Gesha,Washed / Wet,7.75,7.33,7.33,7.25,10,0.13,1200
Honduras,275,Catuai,Washed / Wet,7.33,7.33,7.33,7.33,10,0.12,1450
Mexico,250,Typica,Washed / Wet,7.58,7.42,7.33,7.25,10,0.13,1800
Mexico,70,Typica,Washed / Wet,7.33,7.25,7.42,7.33,10,0.12,1000
Brazil,42,Catuai,Natural / Dry,7.5,7.58,7.5,7.83,9.33,0.11,1100
Taiwan,20,Typica,Natural / Dry,7.83,7.75,7.83,7.75,10,0.12,680
Brazil,320,Yellow Bourbon,Natural / Dry,7.17,7.42,7.08,8.17,10,0,1
Nicaragua,275,Catuai,Washed / Wet,7.08,7.5,7.17,7.25,10,0.1,1100
Honduras,275,Catuai,Washed / Wet,7.42,7.17,7.5,7.25,10,0.12,1400
Guatemala,36,Pacamara,Washed / Wet,7.33,7.42,7.25,7.33,10,0.09,1700
"Tanzania, United Republic Of",100,Other,Washed / Wet,7.33,7.17,7.5,7.42,10,0.13,1700
Taiwan,10,Typica,Semi-washed / Semi-pulped,7.5,7.5,7.25,7.25,10,0.11,650
Guatemala,250,Caturra,Washed / Wet,7.5,7.33,7.58,7.25,10,0.11,1524
Mexico,250,Typica,Washed / Wet,7.42,7.42,7.33,7.42,10,0.12,1500
"Tanzania, United Republic Of",100,Bourbon,Washed / Wet,7.67,7.17,7.33,7.17,10,0.12,1050
Mexico,275,Caturra,Washed / Wet,7.75,7.58,7.25,7.25,10,0.12,1200
Costa Rica,275,Caturra,Washed / Wet,7.5,7.5,7.17,7.17,10,0.11,1300
Honduras,275,Catuai,Natural / Dry,7.42,7.33,7.42,7.33,10,0.13,1450
Thailand,20,Caturra,Washed / Wet,6.83,7.42,7.17,7.42,10,0.12,1450
Philippines,2,Typica,Natural / Dry,7.25,7.25,7.08,7.5,10,0,1200
"Tanzania, United Republic Of",320,Bourbon,Washed / Wet,7.58,7.17,7.33,7.25,10,0.12,1550
Malawi,300,Caturra,Washed / Wet,7.58,7.25,7.08,7.33,10,0.12,995
Costa Rica,250,Catuai,Washed / Wet,7.33,7.08,7.25,7.58,10,0.11,1300
Mexico,250,Typica,Natural / Dry,7.42,7.25,7.75,7.17,10,0.13,1800
Guatemala,250,Caturra,Washed / Wet,7.42,7.25,7.25,7.42,10,0.12,1450
Brazil,17,Mundo Novo,Natural / Dry,7.42,7.33,7.42,7.17,10,0.12,1000
Brazil,500,Mundo Novo,Natural / Dry,7.58,7.42,7.25,7.58,9.33,0.11,695
Nicaragua,275,Other,Washed / Wet,7.33,7.33,7.42,7.33,10,0.11,1100
United States,1,Pache Comun,Natural / Dry,7.42,7.17,7.42,7.33,10,0,1706.88
"Tanzania, United Republic Of",54,Other,Washed / Wet,7.42,7.33,7.25,7.33,10,0.13,1456
Costa Rica,250,Caturra,Washed / Wet,7.42,7.25,7.25,7.58,10,0.13,1500
United States (Puerto Rico),18,Other,Washed / Wet,7.67,7.75,7.58,7.67,10,0,853.44
Mexico,100,Typica,Washed / Wet,7.25,7.42,7.33,7.33,10,0.13,1650
Mexico,30,Typica,Washed / Wet,7.33,7.25,7.42,7.42,10,0.12,1300
Mexico,40,Typica,Washed / Wet,7.33,7.33,7.42,7.25,10,0.11,1642
Mexico,15,Typica,Washed / Wet,7.42,7.33,7.42,7.25,10,0.1,1200
El Salvador,100,Bourbon,Washed / Wet,7.42,7.08,7.33,7.58,10,0,1450
Guatemala,120,Bourbon,Washed / Wet,7.42,7.25,7.5,7.17,10,0.09,3280
Colombia,43,Caturra,Washed / Wet,7.67,7.5,5.25,7.75,10,0,1600
Guatemala,250,Bourbon,Washed / Wet,7.5,7.25,7.25,7.25,10,0.11,1219.2
Taiwan,10,Typica,Washed / Wet,7.25,7.17,7.25,7.33,10,0.12,758
Honduras,275,Caturra,Natural / Dry,7.42,7.25,7.33,7.17,10,0.12,1350
"Tanzania, United Republic Of",1,Other,Washed / Wet,7.33,7.33,7.42,7.33,10,0.12,1525
Uganda,320,SL14,Natural / Dry,7.33,6.92,7.33,7.42,10,0.12,1700
Taiwan,10,Typica,Semi-washed / Semi-pulped,7.5,6.92,7.33,7.33,10,0.11,1100
Mexico,10,Other,Washed / Wet,7.08,7.33,7.33,7.25,10,0.12,950
Mexico,200,Typica,Washed / Wet,7.58,7.67,7.67,7.5,10,0,1100
Taiwan,150,Other,Washed / Wet,7.33,7.17,7.33,7.25,10,0,200
Guatemala,25,Bourbon,Washed / Wet,7.67,7.67,7.58,7.5,9.33,0.1,1901
Kenya,150,SL28,Washed / Wet,7.17,7.58,7.5,7.75,10,0.11,1600
Mexico,240,Bourbon,Washed / Wet,7.5,7.33,7.42,7.33,10,0.11,1100
Myanmar,2,Other,Other,7.17,7.42,7.58,7,10,0,1066.8
"Tanzania, United Republic Of",250,Other,Washed / Wet,7.33,7.17,7.25,7.33,10,0.12,1700
Brazil,300,Yellow Bourbon,Natural / Dry,7.25,7.33,7.25,7.33,10,0.12,1200
Taiwan,10,Typica,Washed / Wet,7.92,7.67,7.08,7.08,10,0.09,550
Brazil,320,Bourbon,Natural / Dry,7.17,7.42,7.25,7.33,10,0.1,1100
Nicaragua,275,Caturra,Washed / Wet,7.33,7.08,7,7.42,10,0.1,1050
Guatemala,250,Pacas,Washed / Wet,7.58,7.42,7.5,7.17,10,0.12,1524
Taiwan,35,Typica,Washed / Wet,7.42,7.25,7.25,7.25,10,0.11,900
Taiwan,5,Typica,Other,7.25,7.17,7.08,8.08,10,0.11,688
Taiwan,10,Typica,Washed / Wet,7.42,7.25,7.25,7.25,10,0.11,300
Mexico,60,Typica,Washed / Wet,7.58,7.33,7.5,7.25,10,0.13,1186
Laos,20,Catimor,Washed / Wet,7.42,7.33,7.17,7.25,10,0,1300
Guatemala,250,Caturra,Washed / Wet,7.67,7.25,7.33,7.25,10,0.11,1200
Mexico,15,Catuai,Semi-washed / Semi-pulped,7.17,7.08,7.42,7.33,10,0.13,1210
Mexico,30,Typica,Washed / Wet,7.33,7.25,7.33,7.17,10,0.11,1100
Mexico,100,Bourbon,Washed / Wet,7.5,7.17,7.25,7.17,10,0.13,100
Myanmar,1,Catuai,Washed / Wet,6.92,7.5,7.58,7.08,10,0,3825
Guatemala,275,Caturra,Washed / Wet,7.5,7.33,7.42,7.17,10,0.12,1706.88
Nicaragua,275,Other,Washed / Wet,7.25,7.25,7.25,7.25,10,0.12,110000
Honduras,275,Caturra,Natural / Dry,7.5,7.33,7.42,7.17,10,0.11,1450
Panama,100,Caturra,Other,7.25,7.33,7.33,7.17,10,0.11,1680
Honduras,275,Catuai,Washed / Wet,7.42,7.17,7.42,7.25,10,0.09,1350
Honduras,275,Catuai,Natural / Dry,7.25,7.33,7.5,7.33,10,0.13,1450
Costa Rica,250,Caturra,Washed / Wet,7.33,7.33,7.25,7.17,10,0.11,1300
Mexico,30,Typica,Washed / Wet,7.58,7.33,7.25,7.5,10,0.11,1200
Haiti,1,Typica,Washed / Wet,7.42,7,7.25,7.33,10,0.12,1000
Indonesia,200,Mandheling,Semi-washed / Semi-pulped,7.58,7.42,7.67,7.5,10,0.13,1350
Guatemala,150,Bourbon,Washed / Wet,7.67,7.42,7.17,7.17,10,0.11,1500
Costa Rica,240,Caturra,Washed / Wet,7.83,7.5,7.67,7.5,10,0.11,185
Malawi,100,Caturra,Washed / Wet,7.5,7.25,7.17,7.17,10,0.12,995
Mexico,20,Typica,Washed / Wet,7.25,7.17,7.25,7.42,10,0.12,1200
Colombia,250,Caturra,Natural / Dry,7.67,7.5,7.67,7.75,6.67,0,1550
Guatemala,250,Bourbon,Washed / Wet,7.67,7.17,7.5,7,10,0.12,1550
"Tanzania, United Republic Of",10,Other,Washed / Wet,7.25,7.08,7.33,7.25,10,0.12,1400
Brazil,300,Bourbon,Semi-washed / Semi-pulped,7.42,7.25,7,7.25,10,0,1200
Honduras,275,Caturra,Washed / Wet,7.5,7.17,7.42,7,10,0.11,1400
Guatemala,275,Bourbon,Natural / Dry,7.17,7.42,7.5,7.25,10,0.11,1383.792
Taiwan,20,Other,Natural / Dry,7.17,7.17,7.42,7.25,10,0,50
Guatemala,275,Caturra,Washed / Wet,7.33,7.25,7.17,7.17,10,0.1,1500
Honduras,15,Catuai,Washed / Wet,7.58,7.33,7.17,7.08,10,0.11,1650
Brazil,300,Yellow Bourbon,Semi-washed / Semi-pulped,7.25,7.33,7.5,7.25,10,0.11,1250
Myanmar,1,Other,Washed / Wet,7.17,7.33,7.42,7.08,10,0,3800
Guatemala,275,Other,Washed / Wet,7.5,7.17,7.5,7.17,10,0.11,1219.2
Brazil,300,Yellow Bourbon,Semi-washed / Semi-pulped,7.42,7.42,7.33,7.5,10,0.1,1250
Guatemala,250,Bourbon,Washed / Wet,7.5,7.5,7.67,7,10,0.12,1859.28
Mexico,18,Typica,Washed / Wet,7.25,7.25,7.33,7.17,10,0.15,1450
Taiwan,10,Typica,Washed / Wet,7.58,7.17,7.17,7.17,10,0.14,600
El Salvador,2,Bourbon,Washed / Wet,7.33,7.17,7.08,7.17,10,0,1450
China,1,Other,Washed / Wet,7.25,7.08,7.17,7.17,10,0.17,1700
Taiwan,10,Typica,Washed / Wet,7.25,7.25,7.25,7.25,10,0.11,600
Mexico,250,Typica,Washed / Wet,6.92,7.17,7.5,7.17,10,0.1,1050
Mexico,250,Caturra,Washed / Wet,7.42,7.08,7.33,7.17,10,0.12,1550
"Tanzania, United Republic Of",10,Bourbon,Washed / Wet,7.25,7.17,7.25,7.08,10,0.13,1700
Taiwan,10,Yellow Bourbon,Other,7.25,7.25,7.25,7.25,10,0.11,600
Guatemala,250,Bourbon,Washed / Wet,7.33,7.33,7.5,7.17,10,0.11,1310.64
Mexico,10,Typica,Semi-washed / Semi-pulped,7.25,7.08,7.33,7.17,10,0.11,940
Brazil,440,Catuai,Natural / Dry,7.17,7.33,7.08,7,10,0.11,995
Honduras,275,Caturra,Natural / Dry,7.25,7.25,7,7,10,0.1,1400
Mexico,60,Caturra,Washed / Wet,7.25,7.17,7.33,7,10,0.1,1600
Myanmar,2,Other,Natural / Dry,8,7.08,7.33,6.92,10,0.11,914.4
Myanmar,1,Catuai,Natural / Dry,7.42,7,7,7.33,10,0,4287
Nicaragua,275,Caturra,Washed / Wet,7.08,6.92,7.25,7.25,10,0.11,900
Taiwan,5,Typica,Semi-washed / Semi-pulped,7.25,7.08,7.25,7.25,10,0.11,700
Guatemala,250,Caturra,Washed / Wet,7,7.17,7.33,7.17,10,0.11,1400
Mexico,10,Caturra,Washed / Wet,7.58,7.33,7.25,7,10,0.11,808
Vietnam,1,Catimor,Other,7.42,7.25,7.58,7.33,10,0,1550
Nicaragua,275,Caturra,Washed / Wet,7.17,7.08,7.33,7.08,10,0.11,1187.5
Honduras,275,Catuai,Washed / Wet,7.25,7.25,7.17,7.08,10,0.11,1400
Guatemala,250,Bourbon,Washed / Wet,7.33,7.33,7.17,7.17,10,0.11,1310.64
Mexico,20,Typica,Washed / Wet,7.33,7.08,7.42,7.08,10,0.11,1250
Mexico,15,Typica,Washed / Wet,7.58,7.42,7.5,7.17,10,0.14,1550
Mexico,15,Bourbon,Washed / Wet,7.33,7.33,7.08,7,10,0.12,1000
Guatemala,250,Bourbon,Washed / Wet,7.33,7.33,7.33,7,10,0.11,1310.64
Brazil,440,Bourbon,Pulped natural / honey,7.17,7.17,7.17,7.25,10,0.11,1100
Taiwan,10,Typica,Washed / Wet,7.42,7.25,7.17,7,10,0.07,850
Taiwan,10,Typica,Other,7.25,7.25,7.25,7,10,0.11,200
Taiwan,10,Typica,Washed / Wet,7.25,7.25,7,7.08,10,0.11,150
Taiwan,10,Typica,Semi-washed / Semi-pulped,7.25,7.25,7.08,7.08,10,0.11,250
Mexico,13,Typica,Washed / Wet,7.33,7.17,7.08,7.08,10,0.15,1300
Mexico,10,Typica,Washed / Wet,7.25,7.08,7.17,7.17,10,0.14,1300
Nicaragua,275,Caturra,Washed / Wet,7.33,7.08,7.08,7.17,10,0.1,1250
Myanmar,1,Other,Washed / Wet,7.17,7.33,7.42,7,10,0,3845
Mexico,280,Typica,Washed / Wet,7.58,7.75,7.5,7.5,10,0,1400
Taiwan,10,Typica,Washed / Wet,7.25,7.25,7,7,10,0.11,250
Mexico,20,Typica,Washed / Wet,7.25,7.25,7.17,7.33,10,0.12,1250
Mexico,256,Other,Washed / Wet,7.08,7.33,7.33,7,10,0.11,1100
Mexico,400,Bourbon,Washed / Wet,7.33,7.08,7.33,7.17,10,0.12,1300
Mexico,10,Other,Washed / Wet,7.17,7.17,7.25,7.08,10,0.12,1100
Mexico,82,Bourbon,Washed / Wet,7.5,7.17,7.17,7.08,10,0,1100
Mexico,250,Catuai,Washed / Wet,7.17,7.08,7.08,7.33,10,0.11,1100
Mexico,100,Typica,Natural / Dry,7.33,7.25,7.42,7.17,10,0.12,1250
Mexico,209,Mundo Novo,Washed / Wet,7.17,7.33,7.58,7.08,10,0.11,1250
Kenya,200,SL34,Washed / Wet,7,7.08,7.17,7.25,10,0.11,1500
Guatemala,50,Bourbon,Washed / Wet,7.33,7.25,7.33,7.33,10,0.1,1700
Nicaragua,75,Caturra,Washed / Wet,6.83,7.17,6.92,7.08,10,0.11,1250
Mexico,250,Typica,Washed / Wet,7.17,7.08,7.25,7,10,0.12,1300
Guatemala,25,Bourbon,Washed / Wet,7.5,7.42,7.58,7.42,9.33,0.1,190164
Taiwan,28,Typica,Natural / Dry,7.75,7.33,7.33,7.83,8.67,0,1000
Taiwan,50,Typica,Washed / Wet,7.08,7.08,7,7.17,10,0.1,600
Costa Rica,275,Catuai,Washed / Wet,7.58,7.5,7.75,7.58,10,0.1,1100
Mexico,310,Typica,Washed / Wet,7.58,7.08,7,6.92,10,0.12,1400
Mexico,275,Bourbon,Washed / Wet,7.58,7.08,7.58,6.92,10,0.13,1022
Mexico,380,Bourbon,Washed / Wet,7.25,7.08,7.17,7.08,10,0.12,1300
Mexico,12,Bourbon,Washed / Wet,7.25,7.17,7.08,7,10,0.14,1450
Mexico,250,Typica,Washed / Wet,7.33,7.25,7.08,7,10,0.1,1050
Mexico,36,Typica,Washed / Wet,7.25,6.83,7.08,7.08,10,0.12,1100
Guatemala,25,Bourbon,Washed / Wet,7.42,7.42,7.58,7.33,9.33,0.1,1219.2
El Salvador,275,Bourbon,Washed / Wet,7.25,7.08,6.83,7.17,10,0,1250
Guatemala,250,Bourbon,Washed / Wet,7.5,7,7.08,7.17,10,0.11,1310.64
Mexico,310,Typica,Washed / Wet,7.42,7.25,7.58,6.58,10,0.12,1400
Mexico,10,Caturra,Washed / Wet,7.33,7.17,6.75,7,10,0.13,975
Mexico,253,Mundo Novo,Washed / Wet,6.92,7.17,7.17,7.08,10,0,1264
Mexico,50,Typica,Washed / Wet,7.08,7,7.33,7.08,10,0.12,1250
Mexico,250,Caturra,Washed / Wet,7.25,6.92,7.33,7,10,0.13,1550
Nicaragua,275,Caturra,Natural / Dry,6.92,6.92,7.42,7,10,0.12,1050
Taiwan,10,Typica,Natural / Dry,6.92,7,7,7,10,0,700
Colombia,250,Caturra,Washed / Wet,7.83,7.5,7.42,7.5,10,0,1550
Mexico,250,Caturra,Washed / Wet,7.25,7.08,7.25,7.08,10,0.12,1550
Mexico,127,Typica,Washed / Wet,7.25,7.33,7.25,7.17,10,0.12,1100
Guatemala,250,Bourbon,Washed / Wet,7.08,7.33,7.58,7.42,9.33,0.1,1219.2
Guatemala,275,Other,Washed / Wet,7.25,7.33,7,7.17,10,0.1,1219.2
Mexico,10,Typica,Washed / Wet,7,6.83,7.42,7.17,10,0.13,800
Colombia,250,Caturra,Washed / Wet,7.42,7.25,7.25,7.25,10,0,1200
Mexico,30,Typica,Washed / Wet,7,7,7.33,6.92,10,0.14,950
Mexico,50,Typica,Washed / Wet,7.42,7.17,7.17,7.08,10,0.14,750
Taiwan,50,Typica,Washed / Wet,7.08,6.83,7.25,7.08,10,0.11,850
Mexico,12,Bourbon,Washed / Wet,7,7,7.17,7.08,10,0.13,1000
Guatemala,50,Bourbon,Washed / Wet,7.33,7.42,7.42,7.42,9.33,0.1,1219.2
Honduras,15,Catuai,Washed / Wet,7.58,7,6.92,6.92,10,0.11,1650
Guatemala,250,Bourbon,Washed / Wet,7.08,7,7.42,6.92,10,0.11,1320
Guatemala,275,Catuai,Washed / Wet,7.25,7.17,7.25,6.92,10,0.11,1550
Mexico,10,Typica,Washed / Wet,7.25,7.08,7.08,7.17,10,0.14,1550
Mexico,53,Typica,Washed / Wet,7.17,6.92,7.08,7,10,0.14,1450
Guatemala,50,Bourbon,Washed / Wet,7.58,7.67,7.42,7.67,8.67,0.1,1700
United States (Puerto Rico),18,Other,Washed / Wet,7.42,7.08,7.33,6.92,10,0.13,853.44
Mexico,13,Typica,Washed / Wet,7.33,7,7.25,7.08,10,0.16,1500
Mexico,10,Mundo Novo,Washed / Wet,7.25,7.08,7.33,7,10,0.11,1100
Mexico,10,Typica,Washed / Wet,7.17,7.25,7.17,7.08,10,0.1,1200
Guatemala,250,Other,Washed / Wet,7.33,7.17,7.42,6.83,10,0.12,1219.2
Honduras,275,Pacas,Washed / Wet,7,7,7,7,10,0.11,1350
Peru,280,Typica,Washed / Wet,7.67,7.17,7.25,7.5,9.33,0,1400
Mexico,14,Mundo Novo,Natural / Dry,6.75,7.08,7.25,7.08,10,0.12,1300
Mexico,16,Typica,Semi-washed / Semi-pulped,7.5,7.17,7.5,7,10,0.14,1550
Mexico,120,Typica,Washed / Wet,7.17,6.83,7.25,6.92,10,0.14,12
Mexico,250,Typica,Washed / Wet,7.33,7,7.08,7.25,10,0.12,1300
Mexico,14,Typica,Washed / Wet,7.5,7,7.08,6.75,10,0.16,1400
Nicaragua,1,Caturra,Other,7.17,7,7,7,10,0.1,1100
Guatemala,250,Bourbon,Washed / Wet,7.33,7.08,7.25,7,10,0.12,1310.64
Mexico,20,Typica,Washed / Wet,7.25,6.83,7,7,10,0.14,1320
Mexico,35,Typica,Semi-washed / Semi-pulped,7.25,7.33,7.25,7,10,0.14,1250
Mexico,10,Bourbon,Washed / Wet,7.67,7.17,7.33,7.17,8.67,0.12,1350
China,1,Typica,Washed / Wet,7,6.92,7.17,7.17,9.33,0,1850
Mexico,20,Caturra,Washed / Wet,6.92,6.92,7.25,6.92,10,0.13,1150
Guatemala,250,Other,Washed / Wet,7.33,7.17,7.58,7.17,10,0.12,1219.2
Taiwan,50,Typica,Washed / Wet,6.83,6.75,7.25,6.92,10,0.1,800
Mexico,250,Typica,Washed / Wet,7,7,7.33,6.92,10,0.13,1400
Mexico,50,Typica,Washed / Wet,7.92,7.58,7.92,7.5,10,0.1,1300
Mexico,280,Bourbon,Washed / Wet,7.25,6.75,6.92,7.58,10,0,1600
Mexico,10,Typica,Washed / Wet,7.08,6.83,7,6.92,10,0.12,1400
Mexico,20,Caturra,Washed / Wet,7.25,7.17,6.83,7.08,10,0.13,1200
Mexico,10,Typica,Washed / Wet,7.58,7.17,7.17,7,10,0.14,1500
Guatemala,275,Other,Washed / Wet,7.17,6.5,7,7.17,10,0.1,1219.2
Guatemala,250,Bourbon,Washed / Wet,7.17,7.17,7.17,6.83,10,0.11,1310.64
Mexico,100,Typica,Natural / Dry,7.25,7.25,7.5,7.42,10,0.13,1300
Indonesia,2,Java,Washed / Wet,6.92,6.83,6.92,6.83,10,0.13,1300
Mexico,320,Typica,Washed / Wet,7.08,6.83,7.25,6.92,10,0.11,1050
Taiwan,8,Yellow Bourbon,Washed / Wet,7.5,7.08,7.17,7.5,10,0,650
Honduras,275,Pacas,Natural / Dry,6.83,7,7,6.83,10,0.11,1350
Guatemala,275,Other,Washed / Wet,7.42,7.25,7.33,6.92,9.33,0.1,1219.2
China,16,Typica,Washed / Wet,7.33,7.17,7.08,7,9.33,0.1,1200
Guatemala,250,Bourbon,Washed / Wet,7,6.83,7.17,6.83,10,0.11,1310.64
Mexico,10,Other,Washed / Wet,7.25,7.33,7,7.08,8,0.12,850
Costa Rica,250,Caturra,Washed / Wet,7.5,7.25,7,6.83,10,0.12,1200
Mexico,50,Typica,Washed / Wet,7.42,7.25,7,7.08,10,0.11,1248
Guatemala,250,Bourbon,Washed / Wet,7,6.83,7.17,6.83,10,0.11,1310.64
Taiwan,100,Typica,Washed / Wet,7.17,6.75,7.33,7.17,10,0.11,775
Mexico,23,Typica,Washed / Wet,7.17,6.75,6.75,6.75,10,0.13,1300
Guatemala,250,Bourbon,Washed / Wet,7.08,6.92,7,7,10,0.11,1310.64
Brazil,320,Bourbon,Natural / Dry,7.5,7.33,7.58,6.92,10,0,890
Guatemala,275,Other,Washed / Wet,7.33,7,7.17,7.17,9.33,0.1,1219.2
Mexico,10,Typica,Washed / Wet,7.33,7,7,6.92,10,0.15,1500
Haiti,1,Typica,Washed / Wet,6.83,6.83,6.75,6.92,10,0.1,825
Mexico,10,Other,Washed / Wet,7.08,7,7.25,7.25,10,0.12,1200
Peru,275,Caturra,Washed / Wet,7.42,7.75,7.67,7.83,9.33,0,1200
Mexico,10,Typica,Washed / Wet,7.17,6.58,7,6.58,10,0.13,1100
Guatemala,250,Bourbon,Washed / Wet,7.5,7,7.5,7.33,8.67,0.11,1310.64
Mexico,11,Typica,Washed / Wet,7.42,7,7.08,6.83,10,0.16,1400
Indonesia,15,Other,Natural / Dry,7.33,7,6.08,6.33,9.33,0.12,3500
Mexico,20,Bourbon,Washed / Wet,7.08,6.83,7.17,7.08,10,0.12,1250
Honduras,275,Pacas,Natural / Dry,6.83,6.83,6.83,6.83,10,0.11,1350
Guatemala,250,Bourbon,Washed / Wet,7.92,7.58,7.58,7.17,8,0.11,1310.64
Mexico,10,Pacamara,Washed / Wet,7.5,7.25,7,6.83,10,0.11,1100
Mexico,100,Mundo Novo,Washed / Wet,7.17,6.92,6.83,7.75,10,0.11,1200
Mexico,36,Other,Washed / Wet,7.25,6.83,7.08,6.83,10,0.12,1100
Mexico,18,Typica,Washed / Wet,7.17,7.17,7.17,6.67,10,0.13,1280
Mexico,43,Typica,Washed / Wet,7,6.92,6.92,6.83,10,0.14,850
Mexico,14,Typica,Washed / Wet,7.08,6.75,7,6.75,10,0.17,1500
Mexico,20,Typica,Washed / Wet,7.33,6.75,7.25,7,10,0.12,1250
Mexico,275,Typica,Washed / Wet,7.08,7,7.5,6.83,10,0.12,1700
Guatemala,250,Bourbon,Washed / Wet,6.5,6.33,7.5,6.83,8.67,0.11,1310.64
Mexico,20,Typica,Washed / Wet,7,6.58,6.83,6.83,10,0.14,1140
Mexico,100,Typica,Washed / Wet,6.92,6.42,7.33,6.75,10,0.13,1200
Mexico,20,Typica,Washed / Wet,7.67,7,7.58,7.33,10,0.12,1250
Honduras,275,Pacas,Washed / Wet,7,7.17,7.17,7.17,8,0.11,1350
Mexico,280,Typica,Washed / Wet,7.08,7.08,7.08,6.92,8,0,1200
Costa Rica,250,Caturra,Washed / Wet,6.33,6.5,6.83,6.5,10,0.11,1200
Mexico,10,Mundo Novo,Washed / Wet,6.92,6.92,6.92,7,10,0.12,800
Mexico,25,Bourbon,Washed / Wet,6.5,6.67,7.17,6.5,10,0.11,1800
Mexico,280,Typica,Washed / Wet,6.92,7,6.92,6.92,10,0.12,1000
Honduras,275,Catuai,Washed / Wet,6.67,6.5,6.67,6.17,8,0.1,1450
Honduras,275,Catuai,Washed / Wet,7,6.17,6.67,6.17,8,0.1,1450
Honduras,275,Catuai,Washed / Wet,7,6.33,6.5,6.17,8,0.1,1450
Mexico,12,Bourbon,Washed / Wet,7.08,6.83,7.42,6.75,10,0.11,900
Haiti,1,Typica,Natural / Dry,6.75,6.58,6.67,6.67,6,0.14,350
Nicaragua,550,Caturra,Other,7.25,6.58,6.25,6.08,6,0.13,1100
Guatemala,275,Catuai,Washed / Wet,7.5,6.67,7.67,6.67,1.33,0.1,1417.32